name,age,street,city,state,zip,lng,lat
Belinda Lester,31,260 Rodney Green,North Meredithfurt,Kentucky,74509,53.140106,-58.2262205
Leslie Hutchinson,24,80540 Rhonda Highway,Lisaborough,Arizona,98137,-49.870944,-88.443595
Cheryl Murray,34,086 Wendy Tunnel,Evanfurt,Maine,86717,-25.026033,29.1508775
Joan Velazquez,21,440 Zachary Alley,West Josephborough,Alaska,00864,56.392409,1.009097
Ryan Jones,49,481 Todd Mews Apt. 968,Fieldsmouth,West Virginia,06084,-108.437191,-50.0382975
Matthew Nielsen,32,421 Diana Village,Vegaburgh,Kansas,60985,60.666049,-53.756221
Stephen Garcia,59,498 Joseph Port,North Wesley,Wyoming,16089,104.689034,49.0425005
John Simmons,77,5348 Justin Isle Apt. 496,North Kara,Michigan,67971,-36.190494,-60.488663
Natalie Jones MD,21,1278 Matthew Park Suite 441,Harrisonland,Louisiana,04338,53.894182,34.635461
David Clark,69,830 Jeremy Spur Suite 590,Willisport,Mississippi,93394,-110.884088,88.346701
William Gallagher,45,2568 Jeff Views,Reynoldston,Tennessee,55456,-63.498432,-0.3428145
Dawn Davis,62,37058 Melissa Court Suite 627,North Matthewville,Oregon,28322,147.650211,39.698743
Gerald Cohen,71,745 Ian Meadows,West Jeremiahshire,Illinois,34519,-121.928104,-7.8317135
Elizabeth Hughes,61,0421 Perkins Bypass,Port Seantown,South Dakota,20991,-31.945822,-49.5058565
Tammy Parker,66,3586 Jensen Extension,South Deborahmouth,Hawaii,35262,100.771099,-87.796962
Timothy Henson,24,641 Cynthia Isle,Darlenetown,California,47385,-31.690054,23.7949345
Natalie Pitts,23,57849 Johnny Locks,Port Kyle,Georgia,05781,-109.099276,-88.520231
Kevin Brady,38,86380 Austin Shore Apt. 416,West Craigton,Minnesota,50262,-8.130008,-25.8914055
Renee Mendoza,61,2097 Gabrielle Curve Suite 915,East Brittanyborough,South Carolina,97659,-150.418742,-86.444169
Stephanie Cook,73,44655 Alexander Circles,Johnstad,Louisiana,77132,-28.488941,-79.187883
Michael Smith,51,04506 Carter Drive,New Heidi,North Carolina,02510,-111.653636,-39.674767
Melissa Harvey,43,4294 Villa Loaf,West David,New York,80197,-103.378109,-89.820127
Timothy Franklin,49,4328 John Plains,Port Barbara,California,67747,-75.039712,-37.137702
James Duffy,37,4062 Dominic Mountains Suite 840,Jacksonfort,Illinois,56290,97.914452,88.970867
Anna Chapman,26,0085 Smith Dam,Melanietown,Massachusetts,78381,65.650307,6.9465895
Nicole Kennedy,52,604 April Lights,Colemanfort,Nevada,27873,66.738084,-13.768303
Amy Rice,80,04133 Gonzales Ports Suite 403,East Stacyfurt,North Dakota,14418,-78.878565,-84.4696435
Arthur Hawkins,39,2955 Dixon Row Suite 425,Susanhaven,Maryland,54663,-83.102610,32.0623465
Chad Pugh,55,220 Bell Squares,New Andrea,Missouri,92843,-61.405026,-8.5358005
Courtney Morrow,26,662 Pennington Ford Suite 040,North Jerry,Kansas,61269,-6.853865,-16.957552
Karen Bishop PhD,25,9230 Henry Radial Apt. 466,North Daniel,South Carolina,80956,144.337901,-77.754129
Joseph Fletcher,50,3849 Gordon Pike Apt. 099,Lake Stephen,Illinois,27844,-19.283155,29.0300735
Charles Jefferson,78,1554 Brown Greens,New Karen,California,81143,131.929399,-66.1031255
Shelly Burgess,37,98743 Carpenter Crescent,Cynthiamouth,California,98979,95.238642,86.798650
Sarah Stein,51,0751 Wilkerson Mountains Suite 982,Acevedoport,Alaska,62646,32.000651,-51.8205185
William Waters,39,7026 Winters Park,Stephanieville,California,52593,-167.378090,35.5421455
Deanna Allen,72,02010 Jacob Parkways,Port Samanthaside,Virginia,61093,33.071917,30.786164
Michael Peterson,43,80046 Wendy Park Suite 773,New Pamelastad,Connecticut,15259,166.998452,-68.784021
Kelly Mendoza,59,5627 Randy Lane,South Jesseville,Ohio,46246,-51.398866,34.0923655
Sarah Robbins,39,22212 John Road Suite 418,Randyton,Virginia,36785,-14.260057,51.007576
David Fischer,63,637 Rocha Mission Suite 890,New Tarahaven,New Jersey,45252,-128.159354,-13.351378
Joseph Carroll,74,4788 Holloway Ramp,Gregoryton,Georgia,48918,46.190202,29.014825
Elizabeth Lyons,74,0518 Melissa Points Apt. 620,Tinahaven,Alaska,53403,5.056765,84.7518305
Johnny Mahoney,55,9689 Brown Crossing Suite 214,North Johnathanberg,Missouri,01938,41.819449,47.403471
Laura Ballard,75,3754 Blankenship Crossing Apt. 853,West Jameston,Alaska,30769,142.370888,25.3310005
Whitney Carey,56,169 Michelle Corner Suite 142,Johnshire,Florida,30597,131.952383,85.474248
Justin Peck,75,240 Melendez Springs,Johnsonberg,Oregon,65602,-151.381498,1.7307435
Robin Powell,79,55021 Lee Squares Suite 376,North Carla,Hawaii,69894,-163.835789,-12.3452045
Heather Dixon,68,599 Rhodes Mews,East Christopherhaven,Florida,41540,99.851666,-76.524267
Joshua Martinez,48,564 Sarah Ridge Apt. 219,Fosterbury,Arizona,95539,66.031835,6.3669735
Peter Stephens,70,065 Anderson Crossroad Apt. 801,New Ronaldmouth,Ohio,15953,53.204236,-13.674028
Christopher Potts,31,610 Christine Skyway Suite 967,Port Coreyview,Minnesota,12249,-109.223081,-60.932740
Jackie Martin,34,05550 Jessica Viaduct Apt. 071,Juanport,Alabama,41198,-67.600090,18.7998435
Alexandra Wood,59,61210 Fischer Ramp Apt. 073,North Claudiaport,Montana,69821,-104.015817,19.0933555
John Daniels,39,1995 Simmons Points,Wendyshire,Massachusetts,40583,6.067957,62.3775785
Edward Barnes,70,90094 Charles Summit Suite 243,Humphreystad,Vermont,17116,-50.523459,-48.207047
Valerie Blanchard,52,60829 Amber Mountain Suite 147,East Davidmouth,Oregon,40384,112.955894,-29.815495
Todd Landry,31,28043 Bradley Causeway,North Tyler,Georgia,27819,58.015822,60.723904
Evelyn Wood,78,84884 Gray Estates,West Tanyamouth,Washington,82273,-155.623448,39.516132
Elizabeth Rivera,60,65709 Michelle Viaduct Suite 567,Suzanneborough,Connecticut,83061,-24.988830,25.3837275
Susan Sosa,35,1996 Hernandez Islands,New Ryanburgh,Tennessee,05739,117.424947,13.291918
Ms. Margaret Morales,56,65828 Brown Keys,Santiagoberg,West Virginia,92060,-57.652307,63.0799435
Angela Sanders,25,996 Derek Squares Apt. 046,Denisetown,Wisconsin,69203,-123.157878,17.7790135
Valerie Hill,54,7419 Stacie Lake Suite 178,West Alyssa,New Mexico,64270,-113.935226,64.1825355
Michael Alvarez,24,810 Johns Falls,Jessicaton,Nevada,00868,-149.533711,-25.1965005
Beth Vasquez,69,7856 Hebert Knolls,Latashahaven,Delaware,38241,177.602333,76.7813825
Wendy Fry,35,8281 Ford Fall,East Jocelynfurt,Illinois,83347,136.390860,48.3181975
Linda Thomas,66,371 Kevin Garden,Hollowaychester,Illinois,21218,3.830715,-44.2864125
Daniel Payne,26,5961 Rodriguez Junction Suite 101,New Michael,Texas,08794,-119.662228,4.1273885
Kyle Williams,61,0459 Sandra Brooks Apt. 854,South Jamesview,Kentucky,71901,66.437479,8.857205
Alejandro Warren,41,770 Matthew Island,Port Anna,New Jersey,26260,36.436985,85.165954
Wayne Burke,59,730 Anna Union Suite 266,East Adamstad,Maryland,05844,117.860642,25.443624
Robert Harper,33,378 Chambers Garden,Lake Stephenberg,New Mexico,19665,-72.865591,-8.598475
Lori Chapman,42,8651 Anthony Mountains Suite 527,South Veronicaland,Arkansas,94212,114.329510,4.786098
Nicholas Peterson,22,839 Desiree Villages,Ericville,South Carolina,47947,-74.778299,30.620862
Monica Hughes,28,48620 Williams Lodge Apt. 962,South Johnberg,Mississippi,61643,177.353333,-11.7094695
Sherri Moore,31,633 Joseph Coves Suite 461,Port Matthewport,Kentucky,41584,116.770803,44.966103
Nathan Brown MD,44,55532 Young Highway Apt. 293,East Stephenbury,Delaware,85204,159.804666,-88.4511615
Jonathan Moody,42,56285 Harris Ford,Jonesside,South Dakota,78612,33.371038,-76.339447
Justin Hess,46,0526 Shelby Stream,Leefort,West Virginia,92192,-133.227737,73.9373355
Sandra Romero,76,1176 Kelly Knoll,Port George,Hawaii,08392,9.757871,9.070478
Shaun Davis,53,07120 Coleman Summit Suite 307,East Michaelmouth,Iowa,23343,162.653041,53.750852
James Taylor,71,1501 Samuel Locks,Masonville,Connecticut,88683,155.355722,-67.826988
Melissa Smith,64,462 Hardin Turnpike Apt. 147,Stephenville,Montana,87730,70.357896,57.1349475
April Nguyen,80,411 Hendricks Mission Suite 599,New Jason,Kansas,79572,-133.831783,-61.307594
Stephanie Jimenez,70,96060 Conway Valley,Sarahbury,Connecticut,26448,30.658557,86.330783
Sue Esparza,77,642 Ashley Gardens Suite 081,South Amyland,New Hampshire,04323,155.615349,-44.404098
Linda Jordan,27,0692 Fields Groves Apt. 001,South Juan,Idaho,71069,-124.430801,11.6427605
Amanda Graves,35,708 Miller Vista,Michaelfort,Delaware,11200,152.351278,27.398260
Ralph Williams,28,5190 Brenda Road,Jefferyfort,California,69057,74.678861,-40.9208645
Jennifer Lee,55,2634 Lisa Motorway,Cruzhaven,Wisconsin,45103,26.000161,64.135056
Stephanie Wilson,66,746 Jessica Vista Suite 093,Lake Paulton,Nebraska,79497,-72.098016,2.6630965
Luke Lutz,75,734 Amber Haven,South Jessica,Iowa,89299,-120.510131,-67.623537
Peter Boyd,46,88778 Nicole Glens,West Ashley,Alabama,67115,-56.346303,88.787407
James Johnson,33,63755 Tara Court,Cynthiafort,Indiana,29341,114.479978,-35.5211795
Amanda Berger,51,050 Cochran Vista Suite 683,South Jose,Montana,46681,-155.689212,-61.1253655
Amanda Salinas,60,868 Jason Walks,Annborough,North Dakota,62867,53.760062,78.993204
George Adams,54,5818 Tammy Extension,East Michael,Louisiana,82654,1.549010,-51.008971
Jessica Yang,29,1187 Justin Street Apt. 954,North Chloeburgh,California,35994,13.926361,59.6048975
James Hanna,37,813 Cody Point Apt. 682,Marshalltown,Missouri,01327,-174.437463,82.9585155
Adrian Kelly,62,3638 Harris Locks,Freemanbury,Iowa,26176,-101.339618,25.3262445
David Jenkins,75,359 Meyer Stream,West David,Colorado,56774,-64.671910,-87.0358995
Larry Martin,53,5321 Raymond Fields Suite 594,East Frank,Minnesota,68478,-28.256398,70.479187
Carol Edwards,63,304 Hall Hollow Suite 207,West Amberburgh,Idaho,14504,-54.257155,73.1688585
Brenda Gutierrez,69,26712 Munoz Burgs,Brianton,New York,83766,75.328058,-15.1822135
John Vazquez,22,5024 Gates Highway Apt. 318,Lake Lauraburgh,Michigan,25689,96.641893,5.706828
Blake Russo,78,0930 Johns Pass Suite 120,Melanieland,Arizona,02657,105.176277,1.434663
William Richard,67,286 Davis Point,West John,Oklahoma,75989,91.691070,-50.6073845
Kevin Jackson,72,350 Monique Ways,South Aprilmouth,Florida,43567,137.839914,-16.6243895
Amber Gonzalez,35,55850 Heather Streets Apt. 933,Lake Todd,New Hampshire,86131,-89.950446,-15.6942315
Lori Solis,77,14855 Nguyen Falls Apt. 788,East Michael,Illinois,79227,-108.955502,74.8434265
Joseph Murray,34,6565 Sanders Island Apt. 926,Lake Megan,California,16517,-175.975712,58.7812365
Bryan Lane,62,904 Martin Hill Suite 430,Port Jay,Connecticut,57298,176.511797,37.6054345
Joseph Fields,80,2109 Patrick Trafficway Suite 314,Zacharymouth,Kansas,42994,-11.442874,-34.724508
Kara Hayes,63,2066 Chang Run,West Margaret,Arkansas,21314,-37.552095,-34.5021835
Harold Mccoy,39,49913 Owen Valleys Suite 574,Bowersside,Alaska,92799,-127.801796,-76.650907
Christina Chung,66,8967 Archer Trail Apt. 738,West Dean,Utah,05021,-65.029902,-31.414808
Melissa Dillon,32,675 Patterson Lodge,Blackbury,Washington,69136,-16.259430,32.6595025
Katelyn Beck,35,03273 Mcgee Crescent,Laurafort,New York,86092,-22.836195,-84.260877
Kyle Wilson,61,580 Kim Field,Eduardohaven,California,75401,-33.281193,-31.266559
Stephen Young,60,5927 Rhonda Common Suite 555,Tonyaview,Pennsylvania,71596,127.707667,-60.4384195
William Ibarra,52,6858 White Branch,Lake Coreyside,Connecticut,42424,-133.735719,-17.347510
Benjamin Pham,27,400 Green Light,South Richardland,Utah,47923,-151.039018,53.0591845
Stephanie Reynolds,19,475 Williams Village Suite 121,Bowenmouth,Tennessee,78091,28.941464,70.0179725
Kayla Dawson DDS,24,491 Nolan Wells Apt. 761,Carrollbury,Hawaii,78845,-18.450200,-8.905049
David Hardy,58,6738 Donna Passage,New Andrew,Iowa,89975,-61.856400,-38.160016
Donna Johnson,38,568 Patrick Ramp,Natalieborough,Florida,91202,138.788881,22.5717775
Nicholas Shaw,60,0678 Gonzales Port Suite 612,South Sharonside,Missouri,15348,167.670264,-24.114912
Joshua Lopez,66,79053 Webb Gateway Suite 460,Chelseaview,Pennsylvania,46929,117.490665,55.425491
Laurie Heath,27,981 Gilbert Light,East Alan,New Hampshire,79539,99.480718,-21.837549
Robin Lynch,36,9646 Samantha Road,Robertsonshire,Montana,82711,-159.526515,-58.8612165
Anthony Meyer,37,865 Mitchell Dale,East Juliebury,Ohio,59149,36.162204,70.676029
Lorraine Perry,59,351 Nicole Village,Hinestown,Kentucky,78770,-165.257458,-81.555673
Nicole Rosales,41,95901 Linda Green,Port Victor,South Carolina,87430,-54.865943,64.717930
Jake Brewer,20,91811 Jacob Forest,North Bryanview,Alabama,96322,139.616131,-53.2777405
Erin Vargas,71,969 William Cliffs Suite 948,Tammyland,Mississippi,12601,-26.984010,76.8451935
Robyn Harmon,20,2935 Danielle Via Apt. 019,North Laurashire,South Dakota,70838,-32.454108,1.6115525
Jennifer Brown,22,6195 Shelton Shoal,Chaseview,Tennessee,90621,85.555808,10.109176
Christopher Rhodes,52,7474 Paul Ports,Andrewview,Massachusetts,96280,-48.392365,82.0662185
Carla Young,39,520 Pamela Field Suite 479,Karafurt,Texas,57207,24.640156,-3.206169
Jonathan Turner,75,3695 Richard Plain Suite 577,North Tammychester,Connecticut,64134,32.594204,-83.7408395
Anthony Adams,52,28018 Timothy Shoals,Bradleyshire,Washington,65759,-38.357010,38.455844
James Chan,21,377 Rodriguez Crest Suite 087,Whiteborough,Arizona,93626,-98.664926,64.158153
Stacy Jones,49,649 Melissa Harbors Apt. 331,Aguilarborough,Georgia,86725,118.783924,4.842291
Jose Long,35,152 Christopher Highway Apt. 843,East Amandaburgh,Kentucky,09143,138.063211,-9.2697275
Elizabeth Price,54,552 Burton Station,North Davidmouth,Alaska,20055,39.476722,-19.6585195
Jennifer Tapia,71,17419 Glenn Dale Suite 256,Carsonmouth,Oklahoma,66449,101.241563,85.4000765
Michael Wilson,24,0716 Michael Throughway,Port Sean,Illinois,86676,-67.811033,-86.690420
Alexander Romero,18,93075 Tran Plains Apt. 998,Rosariobury,Rhode Island,44258,-8.437847,80.076103
Jeffrey Graham,26,82451 Lawrence Court Apt. 067,Jamesview,California,56523,57.082019,-15.7779265
Eric Crawford,24,610 Dawn View,East Davidmouth,Vermont,09856,-166.120648,-52.5773665
Mallory Mcconnell,61,74436 Jennifer Stream,Derekberg,New Jersey,13870,51.368563,-80.0553505
Christopher Barber,62,859 Garrison Skyway,West Lisaville,Louisiana,13176,-157.897889,-72.289758
Peter Riley,79,81627 Natasha Road,South Tyler,Oregon,74975,-2.974461,-35.575401
Angela Chavez,77,22035 Howard Place,East Josephland,Idaho,89247,-60.639871,-80.751511
Tommy Collins,62,435 Margaret Forge Suite 720,Nicholschester,Texas,77605,39.235079,-60.394581
Erica Boyd,42,57884 Kimberly Grove,New Ryanborough,Indiana,03703,83.160138,-53.917381
Edwin Fisher,19,897 Tiffany Passage Suite 535,Williamsshire,Rhode Island,73416,-92.767828,-61.6233995
Melanie Wu,66,99135 Janet Station,Padillafort,Kentucky,97133,-61.026664,78.9921435
Kevin King,53,7445 Scott Centers Suite 762,East Donald,Louisiana,71706,89.452563,-76.7050595
Kayla Conley,31,5163 Jones Meadows,Damonfurt,Oregon,07525,-135.983025,-66.779139
Kendra Bush,54,3861 Smith Row,Barrettfurt,South Dakota,58415,-112.270722,-85.0568325
Ryan Higgins,27,211 Joyce Tunnel,Sandersside,New Jersey,05103,-22.327718,46.0671025
Mark Morris,60,54395 William Flats Apt. 610,East Briannaton,New Jersey,08971,71.267176,-70.8162165
Dorothy Montoya,40,97187 Barton Prairie,East Andrea,West Virginia,69008,-5.798649,-63.944543
Benjamin Summers,79,68525 Noble Manors,New Davidchester,Kentucky,39825,-90.149015,-19.4997935
Timothy Key,53,494 Beth Mountain Suite 136,West Douglas,North Dakota,46842,-93.344763,38.1249475
Sandra Perkins,38,999 Johnson Rapids Apt. 746,Yushire,New York,77729,0.632053,40.244456
Christina Mathews,76,1431 Mosley Mews Apt. 933,Jennaton,Hawaii,28941,17.267628,14.0866325
David Anderson,47,5495 Hopkins Locks Suite 133,Aaronland,Pennsylvania,41737,179.932176,-5.6407225
Brian Dunn,29,40991 Chelsea Dam,East Jon,Minnesota,70272,-107.479853,35.575259
Timothy Nguyen,42,725 White Trail,South Brianfurt,Idaho,99527,131.255548,40.917830
Richard Velez,48,230 Kristen Courts,Joshuamouth,Kansas,33069,23.881385,79.5857835
Jennifer Pittman,30,877 Gonzalez Lodge Suite 187,South Patriciaborough,New Hampshire,03198,75.771458,-25.8070385
Jonathan Harris,23,78889 Frederick Mall Suite 348,West Joseph,Montana,33768,116.364651,72.0857455
Eddie Gonzales,50,08264 William Row Suite 850,Lewisberg,Indiana,15481,142.678173,-3.4702735
Daniel Robinson,52,818 Jordan Camp Suite 301,Port Patriciaburgh,Indiana,99689,122.926400,27.513097
Diane Moore,62,264 Catherine Islands,North Melody,Washington,77472,150.396559,24.6962575
Brian West,44,198 Timothy Villages,Lake Tanyaberg,Kansas,38049,-116.277537,-47.218053
Daniel Jones,32,49644 James Gardens,Port Hannahside,Pennsylvania,23926,-82.686756,-50.3683415
Sandra Palmer,35,2368 Schwartz Spur,Janetside,Ohio,36486,49.013853,44.705735
Paul Allen,77,5682 Smith Track,West Rebecca,New Mexico,33974,175.094899,-19.789460
Andre Simon,32,54983 Reyes Pike,Ingramport,Michigan,65635,-48.334664,37.793415
David Pugh,39,174 Courtney Parks Suite 965,Port Richard,North Dakota,49875,147.776690,69.4179325
Nathaniel Ortega,64,97657 Richard Ports Apt. 237,New Brianborough,Arkansas,93838,-55.236745,9.8775515
Fernando Richards,37,81729 Jared Lane Apt. 206,New Benjamin,New York,71625,157.576658,23.5768915
Linda Barber,70,3814 Wendy Track,West Corey,Vermont,89787,157.480576,52.731452
Erika Lee DVM,28,5388 Ethan Island,Smithview,Oklahoma,06563,-100.012223,60.3764095
Judy Davis,72,313 Amanda Island Suite 923,South Jacobchester,Massachusetts,42527,-76.839604,-16.2648775
Robin Norman,44,7694 Scott Plain Apt. 151,West Kimberly,South Dakota,50918,-163.905663,6.8035145
Samantha Cook,51,3574 Cox Glen,Ryanmouth,Alaska,04147,-178.795067,15.6134585
Allison Spencer,49,807 Hayes Meadows,New Karinaton,Michigan,73726,87.388676,50.8293605
Jason Foster,59,828 Williams Burgs,Griffithhaven,Louisiana,87175,153.173207,16.0364735
Michael Tanner,38,195 Farmer Plain,North Regina,Virginia,06934,-101.434171,-16.6926955
Shannon Hudson,55,3498 Baker Freeway Apt. 357,New Brianmouth,Kentucky,83786,94.513694,42.1293315
Victor Carrillo,31,30205 Jenna Brook Apt. 991,Scottchester,Delaware,11608,-26.849971,-61.013727
Megan Morgan,24,86727 Davis Brook Suite 829,East Eileenchester,New Hampshire,61546,-121.295076,24.659667
Mallory Johnson,72,33297 Sloan Square Suite 399,Jonathanside,Washington,02522,99.300450,-66.186665
Robert Perry,22,9183 David Park Suite 636,East Amandahaven,Vermont,16508,120.432992,39.0354275
Holly Hall,72,5956 Duffy Island Apt. 132,Reynoldsview,Arizona,76599,79.327831,-47.8108455
Roberto Buck,59,3156 Janet Pine,Richardsfort,Maryland,42290,-38.575512,30.9912695
Michelle Neal,58,0268 Foster Terrace,Karenfurt,Nebraska,96177,-137.457045,-75.6351955
Kyle Washington,37,4542 Joseph Extensions,Phamton,New Hampshire,05008,-33.494951,86.5762255
Amber Miller,29,054 White Square Suite 867,Katherineton,South Carolina,99863,71.502536,75.875243
Holly Morris,47,24995 Sarah Centers Suite 115,North Caseystad,Minnesota,16888,106.564608,20.518206
Aaron Jackson,54,545 Johnson Mills Suite 978,North Cassandraview,Missouri,95263,5.720351,-69.556037
Jeffrey Bradford,38,384 Morris Brooks Suite 198,Rachelburgh,New Hampshire,89378,120.290565,49.256006
Jessica Hill,48,56793 Nancy Green,East Deborah,Kentucky,62465,128.049822,75.5423105
Lauren Smith,49,814 Victor Wall,North David,Mississippi,21342,73.164921,-69.9270315
Evelyn Bradley,25,3657 Jill Drive,New Michael,Florida,70066,-93.887960,-19.368400
Lisa Sheppard,42,72616 Whitehead Cliffs Apt. 258,Port Morgan,Iowa,12174,58.732914,59.1704925
Samantha Jones,57,77823 Contreras Views,Maxwellview,Washington,59724,-129.394569,75.381999
Amanda Sullivan,39,544 Webster Ford Apt. 281,Melissaburgh,Wyoming,16334,-176.409982,-29.7382525
Amanda Reynolds,64,0282 Beck Courts Apt. 431,South Claytonbury,Missouri,21194,-41.099404,-7.231691
Sierra Davis,49,77548 Amber Road,West Kenneth,West Virginia,34492,-27.004868,74.8879665
Andrew Bradley,21,77092 Jeffrey Estates,East Jenniferfort,Illinois,87019,-152.999946,57.3696775
Christopher Barker,39,00518 Katie River Suite 802,North Angela,Virginia,68511,31.183782,47.388205
Melissa Davenport,73,39520 Hall Prairie Suite 108,Mckinneystad,Maryland,62628,-147.287215,-25.342930
Alyssa Smith,66,75274 Harrison Locks Apt. 275,Brandiberg,Louisiana,69567,115.740325,48.2810325
Julie Russell,61,13387 Jenkins Burg,Rogersview,Mississippi,13094,57.155990,-31.8565905
Nicholas Evans,35,8080 Saunders Courts Apt. 778,Hollandville,Hawaii,55679,19.921286,-5.921829
Jennifer Morton,22,188 Jamie Vista,North Stephen,Colorado,22832,4.589965,28.6412035
Justin Dean Jr.,60,7313 Frazier Landing Apt. 957,Kingberg,Missouri,80695,-161.153387,-34.6853465
Anthony Nichols,66,13832 Lam Loop Apt. 185,Brewerstad,Arizona,22991,-138.966965,63.777804
Ana Garcia,59,16651 Alyssa Haven,Brandibury,Colorado,13858,7.394352,14.201158
Pamela Martinez,66,3334 Jimmy Fall,Amberfort,Delaware,60843,-60.664421,-25.2973085
Nicholas Jensen PhD,58,444 Smith Vista,New Victoria,New York,42338,-118.635076,-22.2032405
Lisa Day,57,797 Noah Haven Suite 051,Youngtown,Alaska,95957,-154.312709,16.824997
Erica Johnson,62,86055 Maynard Plain Suite 199,Alexanderfort,Indiana,78876,41.526978,3.674027
Jacob Short,46,998 Sally Mills,East Sharon,South Carolina,46497,154.784235,-49.7502615
Michael Marsh,73,88728 Courtney Fall Apt. 786,West Claytontown,Arizona,17025,36.517568,-87.0938685
Steven Miller,63,3700 Young Place Suite 117,Cameronville,Oregon,89523,139.877129,-9.9666515
Steven Miller,25,49770 Bell Fords Apt. 754,New Shannon,Indiana,97681,-125.473678,-47.7383535
Jeanette Kerr,37,6394 Mitchell Ports,Josephstad,Wisconsin,04908,-53.284652,-23.2421845
Joseph Gross,73,546 Dean Tunnel,Graychester,Louisiana,04651,-164.467746,69.058194
Julia Goodwin,20,055 Williams Parkway Suite 126,New Matthewtown,Oklahoma,13121,20.762141,-22.9907755
Pamela Lewis,43,97225 Howard Stream Suite 737,Chelseafurt,Maine,55689,91.103326,-40.006302
Kelly Ball,47,727 Barbara Mountain Apt. 581,West Natashatown,Delaware,01285,153.802877,-83.7730035
Kristy Carter,67,344 Tanner Throughway Suite 599,Annaburgh,Oklahoma,35905,-178.324533,-70.922788
Emily Thomas,29,09162 Stephanie Crossroad Apt. 355,Lake Jill,Kentucky,25339,18.760512,10.6334505
Pamela Melendez,37,22938 Megan Ridges,Owenshaven,Wisconsin,36583,128.684715,-86.215318
Carla Mcclain,38,44354 Leslie Rest Suite 241,Lake Catherineburgh,Minnesota,36216,163.388568,10.078671
Brooke King,71,20380 Kimberly Lake Apt. 409,West William,Mississippi,31102,-24.079442,38.771017
Christina Mitchell,44,8280 Joseph Prairie,New Jaclyntown,Montana,53984,-68.988212,44.823675
Tina Barrera,70,833 Marsh Parks Apt. 778,East Shelby,Kentucky,95399,-151.705901,26.835721
Matthew Robinson,43,38370 Myers Via Apt. 207,Christyhaven,New Mexico,97003,-126.268352,58.2449765
Michael Carter,27,441 Emily Hill Apt. 276,Kristinview,Illinois,59483,-46.893642,57.2043515
Christopher Navarro,63,953 Gina Terrace Suite 341,East Tara,Oklahoma,98722,-147.197734,-11.7579515
Cassandra Carroll,57,27995 William Roads Suite 547,Williambury,California,96341,136.832885,-77.8818955
Jacob Adams,29,767 Reynolds Creek Suite 448,Stephenstad,Montana,97997,21.947402,2.790224
Clarence Taylor,41,0189 Jonathan Plaza Apt. 480,Brianshire,North Dakota,87663,29.012512,59.808672
Samantha Chen,50,002 Cowan Islands,Bishopmouth,Illinois,14721,146.064939,44.200908
George Navarro,78,89656 Cristina Corner Apt. 934,New Christopherbury,Kentucky,56052,98.201214,47.472564
Katherine Tran,79,35129 Reynolds Groves,New Amanda,Louisiana,37730,107.928882,-27.0163065
Todd Smith,52,167 James Island Suite 583,North Nathanmouth,New Hampshire,17072,127.536484,-17.6140255
Michael Rodriguez,22,6929 Isaiah Burg Apt. 094,Morrisview,West Virginia,02694,-78.579940,80.118730
Ashley Nelson,39,4826 Peterson Ridges Apt. 899,Marshallburgh,Montana,77885,-115.386897,28.795217
Valerie Logan,30,2876 Elijah Pike Apt. 279,Piercetown,Arkansas,49870,-84.530700,58.608053
Debra Barton,48,378 Wilson Square Apt. 054,Markbury,Kentucky,57622,-107.483103,-26.1886705
Martin Turner,76,9997 Harris Ridges,Prattland,Wisconsin,01824,-156.781438,-10.439700
Alicia Jones,18,370 Jessica Mall,West Hollyberg,Georgia,87125,-78.815169,53.578045
Katherine Alvarez,63,478 Mccarthy Track Suite 360,North Brian,Tennessee,28217,28.692386,-56.0258335
Randy Wallace,58,6967 Sarah Cliffs Apt. 412,South Kimberly,Illinois,54682,119.011068,25.770039
Stephanie Wilkerson,30,5896 Ramos Overpass,Johnport,Washington,98306,-159.798616,4.472211
Maria Adams,77,7930 Hodges Fields Apt. 040,West Alexandraborough,Montana,77892,-168.026398,70.876170
Karen Vega,62,1246 Julie Street Suite 670,North Taraburgh,New Jersey,95626,45.776540,-65.5835855
Roberto Hall,34,680 Samuel Stream Apt. 996,Port Sharon,Hawaii,26584,35.148613,-35.202020
Lisa Moss,34,0131 Brown Spring,Port Melissaville,Georgia,35811,-51.132579,-23.6512995
Stacey Young DVM,41,976 Joanna Valley Suite 107,North James,Illinois,46133,-151.674000,-68.841864
John Young PhD,33,623 Adam Ways Suite 231,Danielleton,Nevada,93647,136.099704,-5.4122755
Kayla Woods,24,73363 Kelly Divide Apt. 952,Brittanyborough,Washington,26692,-65.683099,-28.193220
Lisa Peterson,29,368 Taylor Cape Apt. 345,Christinetown,Alabama,96341,-128.003161,-70.1315475
William Wells,42,757 Thomas Points Suite 786,Port Rachelland,Hawaii,75510,37.548958,22.619125
Eileen Strong,63,99497 Allen Village,West Joshua,Tennessee,28764,-28.274543,19.1026885
Danielle Delacruz,71,7928 Roger Islands Suite 894,North Kevinmouth,New Jersey,50549,162.321877,-47.247463
Ronald Duffy,51,33906 Valdez Road Suite 755,Tiffanyville,Maine,72429,-88.310736,44.9323695
Lisa Walker,75,946 Cooke Orchard,North Joanna,Kentucky,68957,-117.618223,19.6789915
Amy Gonzalez,39,67690 Miller Place,Port Ginaberg,Washington,94738,9.018712,-48.646769
Laura Morgan,45,393 Lowe Isle Suite 651,Faulknerton,Indiana,40816,-89.658291,-40.4824345
Amber Marsh,58,8662 Baker Light,Nicoleland,Oklahoma,77141,18.196496,7.683074
Alvin Mckinney,55,873 Mooney Via,Hurststad,Wyoming,06468,-97.778317,-6.015833
Roger Rose,51,1341 Gillespie Gateway,New Gary,Nevada,78229,89.301124,-16.381513
Marcus Schmidt,69,2982 Diana River,West Karen,Florida,53352,-52.129363,57.969674
Elizabeth Harris,76,031 John Canyon,Williamsport,Arizona,39140,-147.778128,34.413128
David Warner,69,957 Hill Mountains Suite 366,Gibsonhaven,Wyoming,46957,-36.000780,-69.4734745
Kevin Miranda,80,5743 Wise Passage Suite 711,New Andrea,Wisconsin,39293,48.513830,-14.9893595
Danielle Scott,66,053 Karen Forge Suite 901,Lake Kristen,New Mexico,11444,-32.312586,36.7577095
Wendy Oconnor,33,58027 Samantha Walk Apt. 042,Knightmouth,Missouri,38502,30.042766,-22.4007445
Ryan Ramos,19,0419 Moore Freeway,New Jenna,Arkansas,06746,82.739812,88.138957
Raven Jackson,71,32846 Autumn Highway,West April,Connecticut,06134,80.885529,86.1013435
Jacqueline Roberts,71,627 Christopher Harbor,Chelseyport,Pennsylvania,73264,72.486685,-9.6775255
Diana Padilla,35,49938 Tyler Overpass,Linland,South Carolina,48212,64.023110,-27.748165
Brandon Olson,66,6887 Murphy Ford Suite 443,Petersmouth,New Jersey,23393,-128.706340,79.216034
Jacqueline Adams,31,2799 James Common,Singhmouth,Minnesota,53530,-55.200309,-18.9649825
Erica Green,27,043 Scott Divide Suite 289,Smithfurt,Rhode Island,88237,73.871316,-75.3694825
Deborah Dennis,51,1604 Chandler Pike,Bakerchester,Mississippi,04407,148.482803,73.976189
Samantha Stanley,25,55248 Lucas Hollow Apt. 295,Samanthaberg,New Mexico,26657,72.114124,10.443692
Denise Woods,25,886 Curtis Dale,Taylorburgh,Kentucky,62172,-1.625578,12.4363725
Keith Johnson,47,92595 Christopher Cliffs Apt. 876,West Jamesville,Washington,18171,-152.052609,-8.9367465
Mike Wilson,76,47841 Robert Passage,Lake Markshire,Texas,82608,90.788738,-54.8561945
Joshua Johnson,61,2158 Vang Green Apt. 852,North Michael,Utah,89499,73.812324,-37.8260665
Paul Hall,43,984 Harding Villages,South Jennifermouth,New York,37503,-13.288470,-23.1755525
Katherine Garcia,26,2987 Lisa Canyon,Toddchester,Maine,20756,-44.726867,-55.819284
Richard Jones,79,5515 King Fort Apt. 690,Watsonfort,Missouri,51384,127.495811,49.7104545
Christine Sanchez,23,05220 Maldonado Squares Apt. 723,East Justin,West Virginia,16372,176.095750,-42.519139
Elizabeth Marshall,80,6294 Ramos Burgs Suite 122,New Jessicaborough,Mississippi,83595,-74.292607,-57.3690985
Matthew Wilson,45,48753 Richard Island,East Bryce,South Dakota,53293,-37.175403,37.2577485
Michael Wilson,27,722 Barry Keys Suite 610,Port Paul,Delaware,35951,32.096673,80.0525765
Brenda House,64,124 Cunningham Dam,Diazland,Connecticut,90519,-80.993314,15.323827
Dr. Lindsay Alvarado,33,7350 Charles Mountain,Markview,New Jersey,08110,36.762900,-75.683439
Julie Carlson,59,25631 Davis Dam Apt. 797,West Kristenfort,Oregon,58754,18.300103,65.0423785
Lance Fisher,76,122 Garcia Shore Apt. 728,Reginafort,Michigan,06940,-64.351593,56.577835
William Davila,36,360 Brown Curve,Port Courtney,Washington,91675,115.732884,63.2460815
Richard Molina,58,180 Jessica Freeway Apt. 757,Jonestown,Montana,19919,65.760111,83.400687
Scott Morris,34,84726 Frances Rue,Alexanderfort,Utah,26438,64.507649,54.283341
Stacey Gonzalez,30,56404 Richard Creek,Fryside,Oregon,07944,19.782072,-43.2100565
Valerie Pitts,58,54466 Timothy Loaf Apt. 111,New Isaacview,Connecticut,56125,-155.863152,13.3539985
Joseph Barnes,42,3430 Ryan Forks Suite 076,Wallacestad,Nebraska,82082,154.276359,-40.372533
Nicole Strickland,43,221 Erica Dale Apt. 868,West Josephhaven,Hawaii,84072,128.078759,-6.845136
Gina Higgins,65,163 Walker Stravenue,Petersonshire,Maine,31155,53.254579,62.5715305
Jonathan Robinson,48,269 Wright Extensions Apt. 842,Kevinborough,Louisiana,19204,33.097840,-38.6796575
Ann Dominguez,41,044 Sherman Camp,South Anthonyville,Wyoming,59342,-48.819053,-4.7248075
Olivia Nguyen,19,654 Scott Port Suite 097,East Christine,Maine,30775,-134.266488,81.164188
Denise Black,30,36105 Smith Cliff,North Paulfort,Georgia,76691,164.319021,86.7544185
Jason Gray,64,776 Young Island,Sherritown,Oregon,98653,-158.189854,-15.022264
Joseph Tucker,51,1324 Boyer Circles,Lake Adrianchester,Colorado,11448,-5.867956,3.9002705
David Thompson,30,3326 Hart Causeway Suite 730,Lake Ryan,Illinois,20993,-113.229868,36.163198
Jonathan Perez,68,5526 Jennifer Pass Apt. 127,Lake Victorfort,Oregon,16073,-169.170003,-23.8625415
Tracy Nelson,24,718 Roger Haven,Kristinburgh,Alaska,58215,-21.050690,-55.571511
Steven Mcdonald DDS,74,240 Boone Ports,Butlerton,Michigan,68043,-67.340638,-18.093611
Matthew Khan,39,8928 Jeffrey Summit,Port Thomas,Ohio,96757,-39.123470,77.5261005
David Keller,80,2176 Ashley Turnpike Suite 443,Lake Bethanyville,Texas,66950,-26.917102,71.291673
Sarah Miller,19,4537 Stephanie Extension,Ramosville,Georgia,01430,49.300190,83.235432
Victor Watson,31,8973 Matthew Road,Melissachester,Arkansas,42024,109.328180,77.7683085
John Stewart,61,9331 Watson Knoll Apt. 666,Kathyside,Connecticut,11716,-8.959810,-40.6355335
Stephen Parsons,48,4132 Kristina Parks Apt. 620,Port Elizabethville,Connecticut,95150,-112.942035,-37.7708775
Jenna Aguirre,70,061 Le Squares,New Debraburgh,Tennessee,35287,-20.700178,-30.980285
Darlene Medina,42,6817 Justin Forks Suite 240,Johnsonville,Arizona,53873,-166.841340,-83.6922395
Renee Wilson,27,597 Collins Mills Suite 020,West Brianstad,Alabama,46114,-136.868141,22.802367
Alejandro Taylor,43,30023 Randy Crossing,Gibsonville,South Carolina,27866,178.176670,55.489896
Sarah Reid,35,35866 Brian Road,Harrisonstad,Washington,12324,21.811181,72.176638
Evan Schneider,27,7277 Brittany Cape,North Andrewborough,Rhode Island,63284,77.560191,27.867971
Steven Porter,77,0395 Peterson Underpass Suite 440,Rileyfort,North Carolina,60608,129.766357,29.843298
Brittany Jones,34,3815 Schneider Hollow,New Janiceburgh,Washington,69590,159.392892,-89.519348
Samantha Brennan,75,071 Kristen Stream Suite 782,Stephaniefurt,Indiana,97908,-26.527645,-13.0950965
Gregory Bailey,60,856 Williams Island,Brandonmouth,Arkansas,10224,-0.501077,61.232952
Jessica Donaldson,54,669 Wilson Trail Suite 717,Tylerstad,Mississippi,51701,138.198515,-72.695682
Briana Peterson,58,8091 Bryant Dam,Collinsfurt,Arkansas,16577,-3.430843,38.645196
Matthew Griffin,42,70667 Vance Curve Suite 473,South Raymondchester,Connecticut,77635,-146.075411,32.0300375
Arthur Kramer,46,53029 Richards Rapids Suite 971,Lukeshire,Missouri,54969,67.218242,61.6843025
Sarah Bennett,58,2182 Rebecca Creek Apt. 510,Beasleyland,Rhode Island,82050,-151.571824,-59.156208
Candace Johnson,43,3269 Patrick Springs,Hortonville,Wisconsin,93642,64.204593,0.652979
George Pugh,61,161 Diana Place Suite 199,East Dustinburgh,New York,34333,-29.967439,81.342462
Deborah Meyer,63,074 Ellis Station Suite 967,Millerside,Florida,19725,117.163306,-10.093461
Glenda Richmond MD,70,7042 Taylor Ferry,Jennifermouth,Massachusetts,09712,116.566314,-15.0279345
Alison Morris,39,704 Chang Haven,Hallland,Ohio,45073,171.021107,-49.9559665
Michelle Ramirez,70,79425 Julie Forks,Justinview,Tennessee,75664,-34.339753,76.4033145
Kenneth Hernandez,68,330 Gary Summit Apt. 439,Erictown,Missouri,92703,39.199170,-19.438220
Robert Matthews,48,509 Lauren Cliff Apt. 197,Blackmouth,California,96716,-103.238167,-19.953236
Jill Hall,66,79755 Joshua Harbor Apt. 552,New Robert,Kentucky,71500,-92.804909,12.847258
John Lowery,70,36875 Robert Drive Suite 842,East Dennisview,South Carolina,70961,-0.975230,-66.1262575
Shari Mosley,54,1797 Santiago Expressway,South Michaelstad,South Dakota,42186,-149.312549,11.6065655
Dawn Torres,27,52577 Kayla Streets Apt. 637,New Davidbury,Minnesota,10309,-40.320203,-44.067083
Teresa Rogers,37,78612 Mercado Valley,Jasonborough,Ohio,96666,-25.945592,-23.410487
Ryan Nelson,44,52539 Smith Alley,Lake Troyland,Florida,37606,-10.624662,83.513019
Angela Cannon,28,1960 Janet Avenue Apt. 531,Vincentland,New York,94671,121.336957,0.1111625
Nathan Maxwell,74,139 Lynch Parkways Suite 515,Jasonchester,New Jersey,94120,34.173575,78.954125
Emily Hudson,41,1070 Jessica Dale,Karenfurt,Indiana,90829,-179.350542,-36.884128
Mary Cox,62,95587 Jason Harbor Apt. 316,East Christina,Kansas,62961,-6.739838,26.582713
Mary Norton,21,037 Kendra Summit,Lesliefurt,Kentucky,39468,71.912030,-89.0878815
Nicole Williams,40,318 Danielle Canyon Apt. 676,Port Angelaburgh,Maryland,79982,87.863735,27.8970695
Monique Rangel,57,50140 Williams Passage Suite 522,Ronnieview,Wisconsin,06323,64.861745,-8.198953
Michael Williams,67,696 Beverly Alley Apt. 955,South Jacobhaven,Minnesota,53454,-172.828481,73.560287
Donna Hurst,78,15195 Manuel Freeway Suite 631,Anthonytown,Mississippi,34905,25.441527,77.947177
Kelly Rich,52,2750 Cannon Loop Apt. 668,Lake Brittanyport,Mississippi,66393,-140.548717,10.0391485
Holly Juarez,77,711 Andres Divide Suite 811,New Anthony,Maryland,78393,53.342193,-60.4115305
Michael Maldonado,62,1546 Chung Well Apt. 900,Lake Bob,Vermont,69894,-90.899277,76.990060
Matthew Hernandez,79,103 Cruz Squares Apt. 625,Brownchester,Idaho,85008,83.800709,-61.239044
Mary Bates,31,7137 Spencer Loaf,East Jasminefort,Mississippi,53468,13.898248,-10.542357
Phyllis Dixon,24,371 Green Field,Kyleborough,Oklahoma,01040,-125.131874,58.057164
Mark Franklin,37,32849 Veronica Stravenue,Booneville,Illinois,73055,-166.462399,-73.0728815
Emily Perez,71,91080 Nathaniel Square,Dominguezview,Mississippi,65610,95.250558,2.4438895
Justin Gonzalez,31,5720 Melendez Fords Apt. 158,Nathanielfurt,Nebraska,45409,174.096496,-59.7745135
Madeline Hughes,49,22611 Mann Bridge Apt. 217,South Paul,Oklahoma,72022,94.354962,-89.9660585
Michael Kirk,64,494 Adams Expressway Suite 884,South Brenda,Illinois,07670,91.906443,-36.9692225
Richard Scott,25,1408 Jamie Parkway Suite 577,South Michaelview,Michigan,87757,-33.312794,-86.2045875
Lisa Perry,57,2779 Bradshaw Manor,Lake Erika,Arkansas,90348,120.979474,-53.779661
Rebecca Olson,78,992 Daniel Common Suite 906,East Adambury,South Carolina,49445,-16.645049,-63.8870555
William Jennings,53,551 Tristan Walk,Port Raymond,Maryland,21658,175.870985,-83.063512
Alexander Lynch,31,1658 Thomas Vista Suite 707,Randyside,Tennessee,16855,-81.643426,-43.2505315
Jason Hall,74,4144 Chapman Knolls Suite 246,Sarashire,Tennessee,01912,149.035912,89.6007225
Jessica Bishop,69,0461 Christopher Shoals Apt. 022,Josephstad,Utah,64893,-172.995253,33.3910355
Angela Chandler,37,3698 Brian Harbors,South Michaelborough,Colorado,74433,-94.116830,84.3098575
Felicia Pierce,79,943 Rose Square,Lake Carrieview,Nebraska,34896,22.910002,78.537276
Felicia Rollins,49,4590 Vaughan Island,New Sean,South Carolina,80285,-100.620292,-6.5059995
Barry Hurley,21,168 Atkins Orchard Suite 082,New Angela,Maryland,69331,-113.882005,-43.4304545
Douglas Ochoa,44,0180 Andrew Run Suite 894,Duranside,Iowa,07857,-3.761895,-52.8091815
Joshua Ramirez,34,03274 Lam Rapid,Port Carlabury,Minnesota,62971,77.682024,-72.142348
Karen Johnson,32,28841 Fuller Turnpike Suite 528,Port Lauraborough,Iowa,57589,22.686660,-7.2417815
Natasha Hardy,75,5304 Shawna Vista Suite 735,Laneport,Mississippi,83823,-28.725383,-64.2719675
Brittany Koch,75,09080 Jeffrey Ville Apt. 735,West Elizabethbury,Tennessee,18874,145.162765,-69.377221
Rhonda Wiggins,50,6554 Kelly Valley,Rosalesport,Virginia,91127,52.965874,-40.8840045
Sara Martinez,28,54599 Lawrence Plains Apt. 056,East Omar,Alabama,99383,-128.830558,-80.957582
Jillian Ray,55,0870 Sheri Spring Suite 082,Lewisfurt,Colorado,71008,-3.169142,49.3059385
Michael Giles,21,463 Lynn View,West Terri,Utah,22726,93.404887,38.4334445
Daniel Burke,75,2714 Morgan Fork,Bradleyton,Maryland,32838,112.221960,31.8949875
Brenda Moore,65,82585 Dominguez Plaza,West Tiffanybury,Alabama,34450,-89.509934,2.330070
Tyler Myers,71,41878 Elizabeth Roads Suite 629,Lake Brianborough,Pennsylvania,18389,150.220793,67.4341895
Heather Yu,60,370 Courtney Valleys,Wilsonhaven,New York,81826,-36.468493,-83.2895255
Theresa Potter,69,06971 Catherine Knolls,Jacobberg,Arizona,09102,17.618286,-49.148518
Robert Long,53,2250 Richard Well Suite 935,Benitezmouth,Rhode Island,23358,107.790788,-37.3418855
Katherine Long,64,48048 Lam Port Apt. 262,South Jennifer,Maryland,88404,-166.755483,-5.9227885
James Meyer,60,18245 Mclaughlin Creek Apt. 884,Port Pennystad,West Virginia,74164,-6.753300,43.580171
Mary Lopez,65,5662 Robert Crossing Apt. 881,Williamsland,Pennsylvania,76355,145.236238,-42.9915565
Rhonda Johnson,56,7276 Stuart Plaza Suite 251,Riveraberg,Massachusetts,92059,116.044130,-44.6766965
Andrew Clay,54,9489 Melissa Extensions,Lake David,Florida,70661,-113.495703,-72.575450
Tyler Martinez,29,97654 Nelson Gardens Apt. 267,Lauraside,Missouri,19879,130.660661,0.2958525
Veronica Williams,59,19087 Travis Lane Apt. 010,Joshuahaven,South Carolina,69924,-31.079081,-64.382965
Anthony Mcconnell,47,08565 Mason Mills,Bonniemouth,Kentucky,71589,-73.184264,38.3214965
Brian Kelley,76,30241 Hill Street Suite 462,North Linda,Hawaii,76516,-148.149939,63.4226735
Joshua Wiley,19,20753 Kevin Squares,Lisaburgh,New Mexico,44119,102.614703,-26.217740
Daniel Rosales,54,5579 Steven Crossing,Bridgetborough,Arkansas,38162,-163.840975,64.309550
Phillip Martin,79,051 Rick Squares Suite 783,Haileyport,Illinois,91383,-134.880904,4.197263
Deborah Alvarez,62,353 Randolph Estates Apt. 325,Jenniferland,South Dakota,43397,-82.127786,65.121637
Christine Cantrell,44,3330 Brown Roads,Justinburgh,Alabama,15682,-114.556991,58.531859
Christopher Johnson,30,4505 Long Mission Suite 434,Port Deborahtown,Minnesota,53409,116.796461,-35.3449915
Rose Miller,29,0957 King Ranch,Scottborough,Illinois,29197,-90.935759,13.615127
Justin Nelson,49,5902 Robertson Course,Lake Eric,Illinois,10478,12.010461,-16.450023
Todd Espinoza,43,34764 Tammy Flats,Ericabury,Wyoming,28870,-60.253465,-57.5494985
Debra Williams,72,242 Torres Summit,East Connieburgh,North Carolina,89083,-9.390398,54.4490705
Melinda Rogers,52,15305 Kathryn Corner Apt. 924,Nelsonside,South Carolina,27975,-146.579808,83.431187
Kristina Williams,44,27499 Jacobs Brook Apt. 030,Port Josephtown,Nebraska,02848,-39.993349,-69.5512085
Shelly Reed,56,91505 Powell Run,East Jillchester,Iowa,75503,-97.020851,-78.4013395
Destiny Mooney,80,699 Rivera Squares Apt. 449,Wolfehaven,Oregon,21537,-25.095257,-88.969257
Sandy Richardson,20,3838 Renee Viaduct,West Michaelburgh,Texas,39091,28.517880,55.2655375
Elizabeth Allen,20,07499 Downs Pine,Adamsside,Montana,98645,77.359224,86.7936005
Nancy Young,23,54625 Warren Spring Apt. 007,Robertchester,Hawaii,39962,-52.188822,85.1650545
Brian Martin,39,31177 Jennifer Grove,Rogersfort,New York,44569,-25.037636,-2.507537
Michelle Stewart,59,0058 Bowman Heights Suite 779,Danaport,Oklahoma,31638,57.755405,-42.073415
Krystal Watkins,44,71332 Carson Route Apt. 266,Leroychester,Tennessee,05851,41.061159,-36.6640355
Angela Yates,71,57994 David Bypass Suite 909,New Christopher,Pennsylvania,25870,22.626322,-11.721516
Kathleen Mendez,54,3240 Kathy Common,Lake Sarahmouth,Alabama,37090,-11.343903,69.5081635
Jason Hebert,35,3639 Davis Parkway Suite 108,Barnesview,Michigan,14054,-37.006163,-8.740035
Candace Price,57,74487 Robertson Via,Jennifershire,Oregon,37834,-157.741013,-27.5580355
Savannah Baker,50,7007 James Hills Suite 610,Port Robert,New Mexico,86778,-129.918035,68.0813375
Nicole Jordan,41,456 Stephens Court,Allenmouth,Iowa,25492,169.350676,35.5703555
Linda Jenkins,67,0948 Tiffany Grove,Cynthiaport,Iowa,23808,156.595264,12.605475
Michele Miller,78,902 Jeffrey Forge,Terryborough,Rhode Island,51104,56.194380,74.227166
Melissa Harmon,31,33957 Colon Union,New William,Oklahoma,21340,-90.563038,1.277696
Morgan Wilson,71,10573 Kayla Station Suite 712,Port Brenda,Maine,01074,-1.123717,-49.245610
David Sims,37,6468 Lee Cliffs Apt. 383,East Cassandramouth,New Mexico,32185,-176.510603,-7.237670
Hannah Thomas,54,02471 Joshua Summit,Nicholasstad,Montana,95422,120.667575,-71.883434
Michele Martin DVM,75,8122 Deborah Lake,Port Sarah,California,72775,-100.929578,9.744827
Dale Smith,57,53324 Donna Club Apt. 478,Ivanview,Florida,91736,-85.134076,80.3873725
Haley Anthony,64,18431 Jones Forges,Villastad,Rhode Island,92038,-178.046395,8.1673825
Janice Walker,30,1207 Diane Canyon,Jamesburgh,Rhode Island,64714,113.895611,-66.098202
Sandra Lynch,24,33774 Samantha Manor Apt. 947,North Brandonshire,Hawaii,17978,40.902967,2.849404
Jeffrey Holmes PhD,67,52574 Daisy Passage Suite 373,Kathrynmouth,Oklahoma,59021,-48.709836,83.062800
Scott Alexander,73,6071 Robert Parkways,Amyport,Texas,65252,43.261032,-26.4078775
Nicole Wilson,62,1033 Eric Road Apt. 439,New Michellechester,Oklahoma,02077,132.808448,-53.965041
Lawrence Davis,61,07219 Mills Oval Apt. 307,New Andrewshire,Kansas,46468,-94.801074,50.282577
Amy Torres,76,9418 Stanley Lake Suite 527,North Taylorchester,Indiana,55956,107.003953,8.772017
Daniel Robinson,35,824 Shannon Junctions,Snyderview,Texas,40744,121.769607,21.403473
Laurie Taylor,38,170 Sarah Fords,Lake Thomasville,Arkansas,12569,104.873414,89.669577
Mike Foley,64,0721 Frost Dale Apt. 990,Port Elaineville,New York,71171,42.924354,56.5382055
Mrs. Madeline Montes,49,4978 Kelly Mills Apt. 307,East David,South Carolina,70391,7.072090,34.065142
Wesley Jimenez,18,1523 Timothy Village,South David,Nevada,97140,41.467017,-44.559247
Michelle Ruiz,37,8382 Alan Springs,West Kristine,New Hampshire,22693,111.106982,39.0020025
Katherine Kelley,27,19464 Courtney Curve Suite 003,North Leslie,Nevada,67235,11.536343,44.0514735
Anne Stewart,43,66886 Geoffrey Court Suite 380,Lewiston,Rhode Island,74109,117.182466,87.6299495
Christopher Carr,62,1165 Ryan Well,South Steven,Maryland,92253,-51.816160,-69.2830715
Jennifer Evans,49,6322 Richard Flat,Cohenland,Wyoming,70538,61.440153,85.7659025
Olivia Hughes,70,8225 Cooper Shore Apt. 719,East Tinamouth,Arizona,75797,-11.406622,53.459157
Justin Jensen,55,89465 Barron Stream,Port Robertberg,Maryland,69611,137.926569,-75.226506
Tanner Adams,46,59548 Vang Cliff,Drewmouth,Tennessee,81498,-22.364790,86.4100565
David Stewart,78,329 William View,East Michelleton,North Dakota,08358,-34.773984,-69.2301175
Jasmine Greer,78,56811 Jenny Camp Suite 971,Fisherfurt,Hawaii,36313,101.202501,-2.047351
Pamela Holt,64,51635 Jack Curve Suite 590,Arthurshire,Hawaii,94003,-61.802446,-59.127484
Kathleen Francis,67,616 Jamie Shoal,Port Andrewfort,Mississippi,18478,-153.910226,67.0399335
Dr. Sierra Weber,74,503 Yolanda Fields Apt. 907,Port Eric,West Virginia,96933,135.139740,71.4868755
Nicole Sanchez,23,177 Peterson River,Allisonmouth,Wisconsin,52816,49.954557,24.454232
Spencer Obrien,35,2604 Travis Estates,North Benjaminchester,Indiana,09194,53.168748,-20.2587575
Sarah Gonzales,66,32256 Gina Springs Apt. 326,West Angel,Delaware,61212,66.096234,-6.1228895
Tammy Winters,22,5790 Cameron Springs,North Jill,Illinois,86709,-118.633553,-78.9074115
Gregory Castro,18,403 Jennifer Branch,Taylorside,New Jersey,04232,104.007038,78.0568985
Mr. Jeremy Clay,33,57480 Danielle Viaduct Apt. 268,Ortizville,Maine,17526,-68.255589,55.4080085
Adriana Cortez,24,9002 Silva Island Apt. 486,Sharpport,New Mexico,81448,0.384084,74.3716535
Steven Morgan,41,3426 James Inlet Suite 273,East Isaiah,Colorado,50440,84.697870,-43.3543265
Gregory Ho,79,596 Clements Mountain Suite 248,East Tracy,Rhode Island,04578,36.629874,55.776904
Mr. Christopher Greene,78,4185 Elizabeth Mountains,Marioside,New York,80936,64.907774,-25.6133095
Robert Arroyo,40,18083 Holly Junctions Apt. 754,East Heather,New Jersey,11602,92.113234,-77.348067
Ashley Cisneros,60,9745 Wilson Landing Suite 126,East Jason,Oklahoma,96141,-91.860136,-89.6735775
Patricia Mccann,28,585 Paige Prairie,Richardport,Wisconsin,19884,-129.207219,-38.188729
Nicholas Lynn,62,336 John Viaduct,Aguilartown,California,23343,-124.140975,-37.2291395
Robert Porter,55,1219 Kathleen Highway,Karenside,Oregon,70545,-30.379044,-33.077791
Brianna Allen,46,8596 Edgar Locks,Lake Joshuafurt,Maryland,17744,-90.009518,53.160934
Eric Mcgee,23,474 Powell Harbor Suite 638,Smithton,Mississippi,87671,-105.195413,72.177839
Morgan Robertson,38,445 York Spring,West Catherineton,West Virginia,42524,-122.013532,-51.4712595
Gregory Huffman,74,93452 Whitehead Wall,North Rodney,Kentucky,70354,77.325262,-49.3759895
Russell Allen PhD,40,6732 Matthew Glens,New Diana,Alabama,17607,85.520176,-86.883985
Curtis Gray,45,2119 Laura Trail,North Jesseland,South Dakota,36104,-110.860645,-48.6000865
Mr. Thomas Abbott,19,9417 Deborah Estate Apt. 406,Bryanfurt,Arizona,06238,-48.933353,-33.9231785
Michelle Davis,19,3161 Wolfe Points Apt. 301,Port Rachelchester,Mississippi,79183,-164.030823,53.3336555
Kelly Payne,43,5271 Michael Meadow,West James,Hawaii,60011,-131.049423,64.1182645
Paul Anderson,78,5286 Delgado Run Suite 696,Christensenbury,Missouri,18083,133.708147,76.045886
Michael Nash,37,8950 Solis Valleys Apt. 416,Smithstad,Utah,33149,75.266038,6.2059675
Michael Brown,63,286 Robyn Ville,New Juliemouth,Indiana,79575,-156.487356,37.503205
Lonnie Hickman,21,46074 Alison Summit Apt. 458,Jonathanville,Montana,09713,-114.604753,-68.2436825
Madison Eaton,52,028 Khan Mission Suite 004,Jonesville,Utah,15988,-88.483754,-16.631847
Andrea Johnson,75,1035 Bailey Circle Apt. 681,New Richard,Colorado,01436,-157.093794,29.955012
Stephen Martin,24,99692 Joseph Mills,Port Edwardmouth,Alabama,59109,-161.896005,18.0071075
Lawrence Thompson,32,118 Richard Crest Suite 208,New Jack,Montana,69413,102.906763,64.150049
Marie Jones,49,2375 Hernandez Forges Suite 784,Lake Karenhaven,South Carolina,09647,-102.208372,34.415849
Albert Johnson,51,7781 Palmer Mall,Gloriamouth,Vermont,17087,106.538213,41.909895
Theresa Schroeder,25,448 Shelton Shoal Suite 340,South Michelefort,Hawaii,93113,58.969605,80.371888
Laura Taylor,34,33203 Samantha Center,Katelynshire,Nebraska,92937,36.197872,-63.923811
Sara Reynolds,52,9552 Martin Roads Apt. 599,South Ianberg,Oklahoma,50262,-175.654277,85.7326635
Natalie Fischer,70,7930 Mercedes Points Apt. 247,North Jimville,Massachusetts,00731,-26.508548,59.210353
Timothy Ayers,43,84867 Johnson Trafficway Suite 273,Josephside,Alaska,74871,151.382509,-76.9772735
Tyler Smith,57,582 Allison Expressway Suite 983,Steeleburgh,Washington,99068,92.349109,13.8914265
Kevin Brown,32,65723 Steven Spurs Suite 239,Danielfurt,Iowa,31235,69.552542,-58.2252465
David Ray,39,5281 Cole Flats Apt. 662,Hansonland,Delaware,45373,-70.798692,-59.944621
Mr. Roger Weaver,62,43744 Pacheco Pike Apt. 795,West Jeffery,New Hampshire,78403,42.726201,-12.5097505
Nathan Mcbride,65,0455 Cody Forge,Amyburgh,Louisiana,73419,-143.582490,-0.632675
Kirsten Burch,29,30328 Ryan Course,North Andrew,Arizona,26671,-172.308285,67.2076975
Terry Moon,68,91593 Smith Crest,North Elizabeth,Michigan,54131,-37.148143,-37.762007
Alexander Rodgers,45,56962 Aaron Field Apt. 427,Sarahside,Delaware,81806,167.139874,-31.438346
Adam Hudson,44,0306 Joseph Shoal Suite 300,Ethantown,Mississippi,01336,104.911175,32.488677
Damon Thomas,72,98764 Logan Courts Apt. 949,North Hayley,North Dakota,14362,109.286649,-13.0184905
Andre Clark,76,712 Cody Prairie Apt. 533,Allenborough,Wyoming,63776,-122.429130,-22.0100045
Angela Thompson,51,6889 Sandra Loop Suite 140,Port Sonya,Wisconsin,28202,-91.172572,-75.1161785
Roy Larson,22,577 Douglas Unions,New Natalie,Rhode Island,11314,163.627748,14.0551185
Wendy Brown,62,037 Hawkins Overpass,East Kaitlyn,Ohio,24943,177.193367,85.487714
Christina Torres,25,781 Michael Neck,North Teresa,South Dakota,34929,-145.362023,43.9685185
Edwin Bennett,79,30217 Nunez Landing,North Andrea,South Carolina,06389,37.569908,-56.8515015
Michael Carpenter,64,615 Carter Flats,Millerfort,North Dakota,45291,83.152427,15.7853735
Andrew Thornton,73,4622 Cindy Row Apt. 472,Scottville,West Virginia,16448,-74.584786,88.093825
Katie Hall,22,16712 Garcia Parks Apt. 397,South Kelly,Montana,64697,65.578879,43.4793145
Danielle Fischer,30,60548 Smith Tunnel,Lake Michaelchester,Georgia,17480,-171.654240,85.548457
Mr. Michael Stuart,74,847 Powers Causeway,New Rebeccaberg,Kansas,74616,-116.449133,-72.2775975
Jonathan Brown,75,7853 Moore Rapid,Walkertown,Delaware,96498,94.845234,-27.941831
Carolyn Carr,62,97184 Johns Summit Suite 975,South Laura,Michigan,37986,-22.709580,41.993237
Christine Martin,27,335 Myers Tunnel Apt. 596,West John,Arkansas,15733,-41.490215,66.797750
Robin Richards,45,791 Scott Port,Marshport,Iowa,80714,110.181943,-2.2150405
Brandon Molina,26,7301 Gabriel Wells,West Grantmouth,North Dakota,02646,101.293658,-24.5452205
Travis Garrett,46,94048 Andrew Rapids,North Matthewton,Missouri,38112,-151.461846,-26.3155465
Joshua Francis,26,60312 Evans View Suite 649,North Erica,Michigan,57250,42.250465,-33.8492605
Daniel Young,31,755 Donna Cape,Port Cassandraview,Vermont,70556,-6.969772,16.4055375
Catherine Santiago,78,53383 Mark Park Apt. 127,West Nicholasstad,Florida,10969,-53.086774,-67.3417315
Lisa Vaughn,30,7335 Lang Summit Apt. 411,Williamsstad,Virginia,11210,2.081430,45.591543
Brandy Terrell,69,26622 Fleming Crossroad,Port Christinebury,Oregon,81143,166.722150,4.532593
Susan Figueroa,73,203 Andrew Orchard,Stephanieton,Pennsylvania,64074,-141.490337,-43.7672575
Angela Sloan,21,3968 Moore Mission,Rodriguezshire,Nebraska,39176,-141.379417,59.9061245
Beverly Gutierrez,42,696 Betty Station Suite 639,Brooketown,Nevada,06183,162.188757,8.9416815
Janet Allen,51,88164 Bishop Knoll,Brendachester,Illinois,84977,-46.863780,83.2834675
Crystal Burns,27,137 Justin River,South Stephanieshire,Maryland,03722,-148.460041,-81.7740805
Joseph Burke,30,8194 Sarah Glens,Angelaport,South Carolina,48583,57.417963,24.9869065
Jason Leonard,51,3229 Moore Stravenue Apt. 301,South Michael,Iowa,72839,-97.876643,39.5227225
Nicholas Chan,53,79236 Patel Gateway,Daviston,Rhode Island,53161,-132.877123,48.7486655
Christopher Grant,33,21438 Moses Neck Apt. 143,Cherylhaven,Tennessee,92889,-75.350112,-28.2734465
Teresa Sweeney,25,713 Susan Avenue,Gregoryside,Delaware,57062,164.778251,-58.4513475
Preston Brown,22,15587 Justin Wells,Anthonyberg,Iowa,69148,-106.840736,-61.127197
Daniel Mclean,18,5582 Small Island Suite 256,Port Amandamouth,South Carolina,72424,6.176570,-29.3971425
Brandon Ramirez,61,90487 Richardson Station,East Adamberg,California,17837,-36.856965,16.0457135
Julie Fowler,36,9388 Sara Inlet,Teresaberg,Louisiana,23318,-101.168834,-16.0621975
Larry Hahn,26,4267 Alvarez Islands,Matthewbury,Utah,33861,41.795191,-69.8993185
Evan Jacobs,24,04580 Miller Fort Apt. 177,Port Samuelshire,Oregon,61042,32.696765,39.6231915
David Cook,80,996 Alvarez River,East Stephanieport,Colorado,85069,-152.378167,69.4955195
Kevin Mckinney,21,5311 David Hills Suite 732,East Andreafurt,Nebraska,82841,137.050873,4.8288545
Mary Jennings,42,01227 Campos Trace,Williamsfurt,South Carolina,13371,98.110226,-51.911722
Daisy Lewis,58,068 Juan Fall Suite 314,South Lee,South Dakota,56826,9.007980,-78.8201565
Brittany Wilkins,61,667 Sharon Cove Suite 256,Annetown,Massachusetts,28280,-27.447915,35.685374
Danielle Smith,72,91796 Campbell Corner Apt. 032,Brianhaven,Massachusetts,75520,-146.999271,57.231126
Rick Zamora,46,3515 Brooks Track Suite 606,Victoriastad,Florida,95717,56.322896,59.0656285
Eric Smith,48,547 Lutz Rapid Suite 540,Millershire,Alabama,62839,147.368470,87.0874795
Andrew Lee,42,459 Solomon Key,East William,Rhode Island,19514,-94.860675,24.818952
Nancy Cline,73,5141 Jackson Oval Apt. 267,Thomasshire,Wyoming,52432,-113.336231,-55.1304405
Tammie Garcia,19,93563 Tanner Square,Melanieside,Michigan,95182,101.051867,48.435827
Patrick Glass,42,8899 Acevedo Square Suite 368,New Clifford,Alaska,42796,153.223068,-5.899999
Dalton Garcia,34,6710 Barnett Road Suite 643,Port Larry,Minnesota,74963,-72.106032,4.8353315
Randy Gates,48,412 Douglas Lakes,Lake Taylor,Wisconsin,68612,172.879405,5.4180035
Lisa Robbins,40,4783 Bell Fall,North Michael,Connecticut,55452,-52.728258,27.5439585
Justin Mendez,33,51370 Nicole Orchard Suite 369,Lake Jenniferbury,Kentucky,56084,157.828651,71.455504
William Schroeder,19,567 Vazquez Heights,Krystalbury,California,10083,130.205271,72.209630
Natalie Bernard,63,0073 Spencer Trace Apt. 593,New Emilyhaven,Iowa,57367,177.014899,8.7911715
Megan Vega,53,3382 Hunt Hollow Apt. 169,West Michael,Colorado,08521,-114.620188,84.907893
Tracy Morrow,20,14361 Lauren Locks Suite 835,Port Lindafort,South Carolina,13479,-50.159020,48.0289985
Jennifer Pittman,68,9382 Roberts Stravenue Suite 796,Lake Troyport,Oklahoma,10900,178.566125,2.928244
Roger Pierce,34,250 Robinson Forks,South Amber,Oklahoma,39064,-28.306999,-88.485683
Robert Smith,68,344 Avery Roads,South John,Hawaii,75410,-132.123383,84.907500
Mallory Wolfe,46,028 Jennifer View Apt. 035,Sonyastad,Delaware,85453,-140.495311,-13.277344
Kristin Norton,64,065 Brendan Turnpike,Teresaport,Indiana,89248,-171.583636,-12.671895
Paul Stephens,20,4738 Nicholas Corner Suite 263,Lopeztown,Massachusetts,12207,162.022126,-1.539387
Barbara Brown,27,1237 Schmidt Well Suite 489,Christineside,Kansas,25050,-167.152343,-56.144138
Patricia Shields,37,5093 James Spur Apt. 360,Davidmouth,Oregon,90516,-166.450786,-26.5060435
Vincent Dawson,18,47543 Victoria River Suite 978,Kellyfort,Wyoming,75474,-73.663931,72.5729905
Amber Roberts,63,716 Kristen Track Apt. 348,Traceyville,Montana,11042,35.552329,57.6794525
Maurice Foster,30,682 Kevin Knoll Suite 686,Fisherton,Massachusetts,92063,-114.257724,68.014059
Anna Lopez,58,547 Ruth Brook,Mcdonaldberg,Texas,49833,-163.942417,81.760910
Stacey Hunt,44,72009 Larson Rue Apt. 894,Melissaburgh,Kentucky,10157,-27.535629,14.5423405
Andrew Hernandez,26,0218 Katrina Wall,Port Ryanshire,South Carolina,59291,-172.206537,-82.0321785
Suzanne Good,39,609 Kenneth Glens,Lindaland,North Carolina,01429,-29.741741,-80.6415565
Laurie Cardenas,59,5354 Stokes Ville,Dianaborough,Alabama,57948,85.034163,-57.5655285
Levi Davenport,37,04277 Arthur Shoal,East Dustintown,Connecticut,67463,10.288831,-33.769575
Daniel Williams,25,895 Barton Inlet,North Janiceport,South Carolina,62980,151.845700,84.3344415
Brian Jones,66,1016 Austin Club,West Stacyfurt,Maine,56231,-82.303233,72.273415
Patricia Jacobs,79,6522 Decker Roads Apt. 083,Lesliemouth,Maryland,90967,-62.162119,3.488905
Mark Glenn,61,2918 Sullivan Ports,Lake Anthony,Missouri,00558,22.942694,72.9612885
Robert Fry,69,87291 Frey Fords Suite 618,East Felicia,Georgia,56717,-94.019281,1.454539
Jordan Powell,41,3549 Brandon Forge,Valenciashire,Michigan,05491,93.888609,-30.920921
Trevor Bass,77,8002 Charles Tunnel,New Hollybury,Florida,02594,-71.488698,26.624357
Joseph Holmes,47,446 Jasmine Forks Apt. 836,Barbaramouth,Missouri,86678,71.223347,-87.816465
Kristina Kelly,59,95363 Kelly Landing,North Waynechester,Tennessee,20407,5.860259,37.452476
Carol Hill,58,262 Brown Port Suite 501,Davidberg,North Carolina,24519,-116.756438,-51.6668185
Rebecca Campbell,34,93410 Joshua Prairie Suite 305,South Tammy,New Mexico,55522,-42.328043,59.0896485
Sara Hudson,32,8276 Ramirez Light,Andrewston,Maine,07900,85.461825,61.0711985
Danielle Martinez,62,912 John Trail,Wilsonchester,Massachusetts,56751,-172.702919,32.666394
Terry Simon,48,096 Nicole Neck,West Timothyhaven,Indiana,42772,55.940741,-5.2127565
Matthew Carter,24,61851 Aaron Common Suite 045,Port Chris,North Dakota,58894,-165.189953,-57.111223
Joshua Gardner,38,7162 Riggs Prairie Suite 721,Port April,Minnesota,76918,95.409324,45.4326035
Pamela Roberts,35,238 Pacheco Alley Apt. 867,Princeland,Mississippi,37936,-111.294257,-6.783481
Autumn Rodriguez,23,009 Angela Junction Suite 556,New Pamelafort,Mississippi,58409,-161.996048,-30.4405605
Robert Rush,56,4525 Jason Square,East Thomas,Alabama,95804,35.137292,-0.4742675
Melissa Reed,21,48269 Linda Camp Apt. 973,Harrisfort,Arkansas,14111,-22.132170,52.657397
Theresa Smith,64,11349 Heather Isle Suite 739,West Steven,North Carolina,18439,-160.705993,-3.1923465
Joseph Thomas,19,5141 Jeffrey Lakes Apt. 183,West Katie,West Virginia,31672,-22.422350,-72.727010
Kaitlin Montgomery,22,84680 Cynthia Mountains,Shanestad,Delaware,84663,63.132561,17.194211
Rebecca Blevins,43,074 John Lakes,Kyleview,Tennessee,03069,-98.821953,16.120859
Philip Ryan,74,909 Holloway Overpass,East Tyler,Nevada,10892,94.865075,-78.999734
Teresa White,41,46029 Schmidt Pike Apt. 154,Coleside,Vermont,38946,56.270410,3.9442615
Nicole Duran,43,649 Morris Gardens,Carlsonbury,South Carolina,91334,2.230963,84.769621
Natalie Holloway,25,2868 Candace Tunnel,Lake Coryfurt,New Hampshire,88277,-17.837095,1.024975
Michelle Cochran,56,82294 Paul Islands,Julieton,New York,16110,-58.269587,17.292853
Carol Martinez,65,5815 Mary Motorway Apt. 157,Lake Taraport,Oregon,58868,40.318499,88.3759525
Patricia Pearson,64,93028 Tammy Common,Mooremouth,Missouri,85775,-29.889899,-39.6558345
James Morris,68,07679 Kari Court Apt. 939,Vanceside,New York,96245,-9.946887,-15.014008
Paula Reese,75,19674 Amber Turnpike,New Angela,California,45055,-79.109917,-26.790903
Angela Whitney,58,324 Peter Station Apt. 637,Julieside,Mississippi,60163,-47.453126,8.190659
Travis Schultz,70,03224 Kimberly Drive Suite 580,East Jesse,Michigan,50835,-137.627966,32.6433655
Michele Howell,52,55775 Russell Dale,East Andrefort,North Dakota,66960,-26.669641,7.724133
Aaron Pearson,54,02681 Bates Ridges,Jacquelinebury,Oregon,73008,35.356806,17.348152
Philip Jackson,80,2598 Mack Manor,New Donnafurt,Alaska,76944,-33.823097,-64.3042525
Ashley Brown,37,7874 Navarro Plains Apt. 941,North Douglas,Minnesota,02730,6.328420,66.2982545
Brandon Guzman,65,296 Amy Shores Suite 038,Paulville,Kansas,05620,-73.322777,40.9246545
Albert Scott,53,81151 Zachary Mission,East Joyce,Ohio,79432,-178.435188,-8.3103585
Ethan Mcdaniel,53,34101 May Mews Apt. 192,Anthonymouth,Virginia,59048,-150.986194,42.112693
Jerry English,60,0947 Martin Corner Apt. 922,North Jeffburgh,South Dakota,68648,155.621151,4.9575015
Mrs. Kaitlyn Carr,59,20381 Trujillo Extension,New Jonathan,Nebraska,22510,44.383526,4.2307825
Steve Jennings,46,2703 Laura Manors Apt. 538,Hillmouth,Alaska,47845,-90.090609,84.598844
Kristina Beltran,43,6696 Anderson Lakes,Lake Donaldtown,Colorado,91835,-151.795639,76.1083425
Christopher Mcclure,38,131 Thomas Shoal,Englishfurt,Georgia,47181,22.944916,-64.6384165
Gina Lee,63,349 Taylor Mountains,Gonzaleshaven,West Virginia,59241,150.368596,-24.596770
Rick Smith,64,0518 David Villages Suite 448,Lake Michael,Kansas,87717,-75.984997,-68.6326705
Tina Navarro DDS,22,7764 Le Plaza Suite 854,South Madisonfurt,Arizona,32255,-23.771457,60.888826
James Short,39,41022 Denise Motorway Apt. 454,North Richardburgh,New Jersey,14194,-159.456242,31.467579
Tara Lang,21,76046 Bryant Crest,Johnathantown,New York,77559,58.486308,-57.2314045
Sabrina Mcconnell,70,98303 Bryant Ridge,Birdburgh,Missouri,49000,55.673820,67.4759065
Jacob Hill DVM,48,932 Jennifer Hollow Apt. 117,Stevensmouth,California,70223,-146.445617,-6.639446
Christopher Lane,61,4191 Cole Forges,Jasonside,Connecticut,74752,-11.333485,-12.144485
Stacey Howell,59,010 Claire Hill,West Johnshire,Oregon,74907,-172.226901,-4.500302
Michael Flores,19,2236 Valencia Plaza Suite 119,East Tara,Colorado,02741,163.276189,7.984387
James Miller,31,077 Deanna Trace Suite 401,Cruzfurt,Minnesota,17698,110.314475,-23.2884295
Courtney Henson,20,80843 William Valleys,New Thomaschester,Maine,91937,-40.628579,-76.721366
Amanda Riddle,62,60367 Baker Squares,Lake John,Arizona,64990,89.315948,-48.1836115
James Moss,34,6816 Timothy Highway Apt. 430,New Tabithafort,California,91165,69.906110,-37.9114895
Angela Bradley,20,0516 Johnson Parkway,East Jonathan,Alabama,84348,-150.967088,49.1999325
Evan Peck,65,24758 Maria Route,Staceyview,Michigan,21407,-139.996164,-36.1783585
Michael Richards,51,4401 Peters View,West Ryan,Kansas,39191,-143.279719,74.590926
Lindsay Franco,53,493 Angela Shoal Apt. 044,Port Daniel,Georgia,85560,22.065876,-84.3365095
Patrick Lopez,71,7741 Gardner Mills Suite 713,Richardfurt,Wyoming,72448,51.937659,-42.248085
Dennis Schroeder,29,23292 Kelly Rapids,North Drew,Oregon,87404,-62.057123,-63.7319435
Debra Morales,31,1847 Joseph Forges Apt. 635,South Andrew,Pennsylvania,36139,-13.078123,-74.833072
Andrea Quinn,47,625 Meghan Light Apt. 294,Allisonshire,South Dakota,42180,8.051761,-75.9740295
Connie Ortiz,51,96487 James Plaza,East Rebeccaburgh,Louisiana,65231,156.843153,-82.9528805
Christopher Lee,55,245 Villanueva Ridges Suite 024,Duffyberg,Oklahoma,35241,178.584598,-61.8082255
Taylor Sanders,37,1573 Glover Mission Suite 463,East Williamborough,California,19888,42.598386,-63.4189325
Carmen Mccoy,41,9166 Allen Spring,Wilsonmouth,Alabama,81186,102.878858,55.377809
Susan Burns,47,6387 Paula Summit Suite 239,New Austin,New York,47325,-69.006381,77.816343
Emily Murphy,28,82908 Shane Land Apt. 159,East Traceyside,North Carolina,89013,101.448794,-58.4917955
Jamie Collins,53,426 Rollins Extensions,Kevinton,Utah,05719,-106.405621,55.613678
Roy Turner,36,3540 Hill Mountains,Clineburgh,North Carolina,72919,-45.480741,26.738661
Kristen Erickson,36,7877 Mueller Lodge Suite 372,Joshuaville,New Mexico,83183,-30.176045,66.937178
Victoria Ochoa,53,94650 Johnson Mountains,New Barbara,Wisconsin,58774,138.505471,-14.030781
Tyler Brown,55,53980 Aaron Ports,North Olivia,Mississippi,12912,-63.706298,83.1805615
John Hines,52,0282 Kayla Lodge,Scotthaven,Idaho,17054,-9.161775,27.6348165
Margaret Juarez,24,9369 Foster Trail,Shannonview,South Dakota,92869,-157.772822,-30.9526385
Ryan Graham,65,59400 David Turnpike,West Tina,Oregon,33160,-32.039836,6.1687645
Judith Webb,18,02491 Mckenzie Mountain Apt. 863,Lake Summertown,Nevada,17782,128.111644,36.7877825
William Fletcher,40,195 Martinez Way,Walterbury,Virginia,14535,-93.171583,-28.8348945
Valerie Day,44,621 Graham Keys Apt. 846,South Jennifer,Georgia,18296,-20.638069,4.732989
Claire Davis,54,208 James Valleys Suite 602,Garyborough,Kentucky,28467,138.802928,-66.608639
Melissa Brewer,32,124 Linda Circles,North Kayla,Kentucky,84808,2.377839,-7.944529
Edward Herrera,74,55140 Daniel Roads Apt. 947,Port Patrickview,Texas,39592,59.621611,15.8500965
Lisa Miller,67,3899 Sheri Lakes Suite 662,Johnstonhaven,Arizona,72642,39.251893,28.0020125
Mary Rivera,51,7683 Mary Coves Suite 628,Lake Alexhaven,Texas,66131,-52.358677,-14.494346
Lawrence Horton,34,2147 Bell Estates,Adkinsbury,West Virginia,34590,159.452880,8.1067655
Cory Watson,66,3444 Dyer Viaduct,Port Robertfurt,Arkansas,22497,-134.596395,25.613194
Seth Edwards,72,55804 Olson Summit Apt. 846,North Sylvia,New Hampshire,32374,-56.915034,26.660332
David Wright,65,2353 Audrey Lights Suite 202,Dylanland,New Mexico,59577,-128.424182,-36.1994685
Lucas Santiago,29,7688 Angela Ports,Hensleyberg,Alabama,42768,-162.532686,-60.014068
Sharon Sandoval,64,4940 Martinez Dam,Karishire,Hawaii,26139,-174.543149,76.755753
David Martinez,78,39656 Gomez Mountains Apt. 877,New Kimberly,Arizona,94794,-139.807148,64.8309265
Terri Manning,74,1145 Kenneth Pines,Evanmouth,Virginia,49999,-141.423086,-13.314031
George Martin,39,7618 Carol Mountains Suite 177,North Cynthia,Louisiana,65170,96.761145,6.055694
Noah James,54,421 Cody Tunnel,Lukeborough,Florida,48010,158.946633,-76.746525
Haley Hunt,57,4467 Lopez Tunnel Suite 038,Kevinport,Indiana,15758,-69.275883,75.6172415
Heather Lewis,29,01134 Mark Forge Suite 399,South Darren,Maryland,72456,-176.733022,-64.185896
Charles Gray,58,699 Matthew Village Apt. 893,Laurenland,Nebraska,26595,140.071147,-42.6960545
Donna Powell,50,88122 Webb Street Apt. 648,East Joeborough,Nebraska,03322,-57.809519,13.7702655
Anthony Rose,74,54304 Crystal Brooks Suite 299,Marialand,Alaska,89226,-177.421828,-54.912636
Joann Medina,67,40041 Thompson Rest Suite 226,Charlesfort,Michigan,53281,-151.551350,5.4464285
Sonia Carroll,60,83618 Maria Plaza Apt. 589,Port Brian,Michigan,64351,96.301545,-59.1497725
Brenda Porter,71,69096 Martinez Plaza,West Eric,Ohio,33131,-32.648436,-65.8637355
Kristin Griffin,26,99302 Cameron Brooks,Lake Carol,Maine,30335,-124.213892,25.052155
Vanessa Long,70,037 Michael Islands Suite 229,South Joefort,Iowa,05025,175.867324,70.695612
Edward Ray,54,938 Jones Fields Suite 740,East Lisa,South Carolina,79266,-67.771287,47.0285045
Kayla Turner,36,109 Pitts Stream Apt. 759,Shelleyton,New Hampshire,13243,-41.844243,-72.4064325
Lori Clark,38,502 Rivera Square Suite 424,Brandyberg,Delaware,29015,-171.379675,59.7474245
Deborah Martinez,22,7740 Lewis Springs Suite 319,Gentrybury,Arizona,68929,-84.354251,-8.355761
Anthony Smith,67,326 Brandon Dale,Port Sara,Michigan,21981,-80.435146,-59.635006
Stephen Herrera,45,841 Robert Inlet,West Jacquelineview,Indiana,71072,106.837339,20.669089
Katie Gonzalez,27,114 Wall Freeway,Victoriaside,Tennessee,36313,42.523333,38.1825125
Alexander Jones,27,66167 Martha Cape,Amberfurt,North Carolina,68254,93.899735,46.4058355
Keith Wyatt,38,4757 Ross Radial Suite 249,Lake Angelicafurt,Michigan,39102,-135.021570,-72.1836665
Nancy Ellison,64,3463 Robert Pines Suite 462,Lake Donnachester,South Dakota,08368,139.160022,7.729615
Ashley Murray,45,4986 Davis Drive Apt. 854,Ricefurt,Arizona,46261,-71.691230,64.2077405
Jessica Johnson,54,37640 Stacey Mountains,South Lisaside,Arizona,79131,-148.286933,-35.175327
David Lynch,34,2057 Weber Via,Starkmouth,Rhode Island,14745,135.122279,75.7618215
Maria Vasquez,20,8860 Suzanne Circles Suite 651,Duffyview,Illinois,31071,143.988608,-53.6137755
Thomas Johnson,30,150 Donald Garden,North Kyle,Mississippi,30948,-62.217182,2.7929645
Tony Alexander,26,4340 Bond Key,South Johnview,North Dakota,57559,161.123067,-22.2368655
Melissa Johnson,53,4927 Craig Ranch Suite 244,Reedmouth,Colorado,06764,124.297115,23.817499
Michele Wilkins,50,981 Farley Lakes,East Michelleberg,New Hampshire,59981,106.654443,42.1019555
Christine Rodriguez,54,63324 Hughes Plain Suite 427,New Brandonmouth,Tennessee,22562,94.180987,69.188087
Christine Thompson,79,332 White Road Suite 710,Lake Tanya,Alabama,23647,-164.657771,73.4218565
Michael Swanson,45,24076 Tammy Turnpike Apt. 650,West Jameschester,Louisiana,62088,152.606377,11.480052
Stephen Morgan,18,653 Kevin Tunnel Suite 896,Lake Bethanyhaven,Florida,78832,-4.114615,69.9783215
Stacie Dixon,38,474 Benjamin Valley,South Scott,Vermont,89166,101.562620,40.1969995
Bryan Lee,19,2728 Mccarthy Vista,Bullockton,Michigan,53088,37.178917,-24.837372
Dr. Samuel Castro DDS,31,464 Greene Island Suite 550,East Patrick,Texas,52503,134.042882,-44.308359
Richard Green,77,4373 Bailey Neck Suite 895,Port Jaclynland,Oregon,26666,89.299501,-53.799383
Amber Moses,30,4169 Bryant Square Suite 983,Thompsonville,Arizona,75533,89.788343,76.3628375
Thomas Cantrell,69,7812 Gallegos Viaduct Suite 166,Lake Susanland,New York,12798,-87.070443,66.990634
Samuel Herrera,47,44195 Richards Pines Apt. 680,Davenportmouth,Florida,87148,-66.344378,10.793439
Susan Gates,45,9856 Rebecca Haven Suite 765,New Christopher,Texas,17340,-124.823772,54.967372
Michael Brown,32,070 Pham Walk Suite 138,Rachaelborough,Oregon,92247,-116.046678,55.496906
Bryan Clayton,29,60904 Marquez Circles Apt. 895,East Rhonda,Virginia,68101,165.698626,-44.500711
Donald Johnson,38,1485 Brittany Curve Apt. 985,East Crystal,New York,49621,-100.000743,79.975148
Lance Johnson,59,5870 Matthew Springs,Muellerside,Kentucky,38061,-77.877799,-10.4252665
William Garza,26,77621 Andrea Prairie Suite 618,New Lindsaymouth,Illinois,22468,-146.484261,60.1715955
Sean Edwards,62,538 Jones Falls,Starkhaven,Texas,75254,-89.891747,-68.3969545
Allen Livingston,59,49432 Valerie Light,Port Rachael,Colorado,34422,141.138468,-83.856783
April Gomez,57,65965 Robert Prairie,Danielfurt,New Mexico,63211,-169.472303,-73.416067
Jessica Woods,68,6597 Smith Port,Amandaland,Utah,56462,-126.854196,-87.5508415
Linda Pierce,33,371 Smith Vista,South Laurachester,Pennsylvania,66220,-116.197369,-21.476474
Dr. Adam Lewis,73,065 Perkins Alley Apt. 153,Johnsonfurt,New Hampshire,05246,-172.355611,-45.8347325
Katherine Johnson,63,145 Jeffrey Prairie Apt. 089,Nathanshire,Arkansas,49000,16.370431,-65.691455
Michael Richards,36,9548 Mark Islands Suite 831,Butlershire,New Hampshire,49610,5.930363,-71.107911
Edward Mendoza,26,289 Shannon Plaza,Gabriellaland,South Dakota,46741,98.989948,-31.7158285
Stephen Rivas,56,366 Arnold View Apt. 338,Port Denise,Minnesota,94864,-120.393363,-34.293664
Samantha Green,61,588 Riddle Ramp,New Charleshaven,Virginia,94411,-10.151699,-85.230440
Deanna Castillo,68,49150 Janet Island Suite 215,West Jonton,Pennsylvania,52414,-134.951982,-41.4041605
Jill Butler,23,1402 Tammy Estates,East Connietown,Missouri,78050,169.558459,-44.996581
Nicholas Payne,23,89711 Alexandra Way,Nicholashaven,South Carolina,66918,-131.967460,-21.717732
Sandra Noble,64,9352 Henderson Way,Whiteton,Maryland,07785,-50.088143,-85.932270
Carrie Baldwin,24,39955 Eric Fords,North Carolyn,Montana,27258,-132.879991,-60.200105
Jared Huber,70,56539 Amber Estate Suite 884,Rodriguezside,New Mexico,55797,-82.730166,85.376715
Steven Hanna,25,8456 Thompson Cliffs,Holmesfort,Kansas,50190,145.385654,-49.155834
Daniel Cardenas,43,5084 Samuel Port,Dillonfurt,Hawaii,35317,-79.297333,78.598044
Samuel Carpenter,23,389 Brandon Hollow Suite 860,Joycefurt,Massachusetts,95628,124.332717,9.4366365
Sheila Mullen,38,246 Hamilton Rue,East Dawn,New York,22098,-93.644500,-19.5054395
Albert Jones,58,087 Richard Plaza Apt. 592,Danielburgh,New Mexico,43127,-15.156786,-62.519302
Timothy Benjamin,60,3958 Kristen Tunnel,East Michaelburgh,Texas,33614,-59.469382,-23.7496885
Miranda Wood,41,3422 Pham Camp,Christinaborough,Maryland,44831,-1.500582,14.9499285
Carolyn Robinson,33,6003 Taylor Lock Suite 705,Lake Nicolasstad,Alabama,37170,168.356157,-31.817961
Jessica Ward,39,22665 Fletcher Creek,Laurenstad,Utah,06803,-166.270778,87.960844
Kimberly Abbott,66,21189 Owens Highway Apt. 200,Taylorland,Wyoming,67319,154.396167,18.7561725
Shaun Norris,76,284 Johnson Cliffs Suite 272,Veronicaland,Arkansas,73398,171.508544,-43.6953275
Bryan Hernandez,73,2540 Bradley Centers Apt. 558,South Katherinemouth,Utah,48886,11.867896,-25.1319185
Tanner Schultz,35,4265 Michelle Ports,Johnsonland,Minnesota,55946,130.491778,-19.1726635
Garrett Davis,35,8410 Christina Station,South Jimmymouth,Connecticut,90629,108.562510,29.229205
Shannon Horton,43,4494 Samuel Isle Suite 558,Johnport,Connecticut,34903,-157.273072,73.4260395
Matthew Nixon,46,5605 Crystal Place Suite 744,North Alejandro,Pennsylvania,34663,39.466974,-8.8782715
Hannah Macias,25,7534 Louis Passage Apt. 113,Lake Pennystad,Massachusetts,15152,-51.866469,56.639524
Ruth May,35,581 Herrera Glens Apt. 085,Wallshaven,Minnesota,37473,173.879500,-74.427762
Yolanda Cook,26,7051 Love Avenue,West Joshua,Missouri,39838,-76.877009,75.488201
Dr. Christopher Garrett,22,609 Williams Curve,North Elizabeth,Maine,98600,-121.745672,54.6983195
Peter Salazar,46,5923 Richardson Crossroad Suite 011,South Andrew,Michigan,87988,46.504016,-62.4562895
Catherine Lowe,60,873 Roberts Tunnel,South Daniellechester,Georgia,25988,-95.352526,-25.515899
Kathleen Wilson,52,77735 Jose Junction Apt. 000,Lake Joanne,Idaho,41950,-80.553155,-87.688248
Kyle Larson,67,16977 French Manor,Cobbville,Ohio,63003,-156.005440,57.752218
Joshua Vazquez,60,11627 Palmer Crescent,Lake Ricky,Virginia,41834,-149.638512,81.8950265
Jessica Brown,78,9478 Joseph Causeway Apt. 584,Nicoletown,Utah,65590,169.677668,54.312539
Virginia Reilly,59,38511 Candice Turnpike Suite 722,East Bethany,Colorado,43862,116.175470,35.1012285
Stephen Kane,30,9562 Edwin Station Apt. 072,Amymouth,Oregon,26826,-51.717246,-21.195057
Dale Burke,37,3379 Wesley Mountain,North Jodiville,California,06596,-154.071580,-21.8466315
Christian Arellano,46,38639 Estes Ports,Sanchezside,Georgia,63689,-58.851274,15.9191535
Daniel Rich,54,875 Zachary Islands,Robinsonstad,Kansas,17812,-103.001499,-35.2113505
Belinda Davidson,77,717 Romero Motorway Apt. 215,South Anthony,Maryland,32815,-99.589795,-74.188191
Jason Whitney,62,02500 Turner Spring,Thomasshire,Maine,21488,96.035941,7.3612855
Tabitha Campbell,64,86099 Larry Station,South Leahland,Florida,05268,-158.262087,-0.893514
Brittany Cole,73,230 Mark Rapids,South Josephton,Washington,42311,-133.930715,-28.0646355
Maureen Yang,71,995 Rachel Knoll,Port Loriside,Oregon,83335,6.572832,62.8082625
Joseph Benson,55,650 Oconnor Dale,Lake David,Nevada,73536,-74.278175,-34.727928
Kurt Rivas,38,337 Ana Meadow,North Edgarstad,Alaska,27301,-92.300415,39.6777755
Dennis Rojas,74,3855 Shawn Expressway,Lonniestad,Tennessee,77044,146.022416,31.567368
Joshua Evans,53,6973 Phillips Grove Apt. 869,Davistown,Minnesota,21008,152.560192,-15.1467545
David Stanley,50,2499 Hickman Manors Apt. 122,Richardview,Delaware,60746,-48.707852,-49.7351985
Lydia Hoffman,29,0004 Lee Inlet Apt. 058,South Reneeport,Alabama,59774,-4.411351,14.6010265
Jennifer Lewis,23,649 Ross Shoals Suite 227,New Dustin,Arkansas,99561,93.546556,25.094965
Jacob Obrien,67,64821 Laura Oval Suite 031,South Elizabethstad,Pennsylvania,49266,54.962250,2.8144785
Cynthia Diaz,38,8459 Jared Stream,East David,Arkansas,24223,166.429830,-42.5130945
Andrew Hicks,66,088 Berger Keys,Monicaport,Louisiana,13766,-73.039621,-74.698066
Darrell Saunders,37,093 Latasha Ports,Castrochester,New York,95536,156.847066,66.200570
Danielle Brooks,73,23626 Gregory Plains Apt. 050,New Davidton,Oregon,06798,-111.390089,-36.143843
Sean Gonzalez,58,6716 Cain Club Apt. 544,Hendrixbury,Oklahoma,89785,104.710957,-37.9219705
Mr. Jason Anderson,21,2272 James Villages Apt. 772,Normanland,New York,46773,56.424563,89.5099325
Jennifer Collins,65,6110 Chavez Drive Suite 184,Smithside,Illinois,06553,19.402066,-56.693506
Jessica Thornton,32,567 Matthew Ports Suite 067,New Jill,California,58179,-35.316794,-4.785656
Robert Ramsey,44,000 Brittany Glens Apt. 909,Amychester,Iowa,99834,89.308539,51.9639625
Amy Reyes,40,6435 Chad Canyon Apt. 848,Allenfurt,Kentucky,33876,88.315754,-76.4244515
Angela Berry,76,97822 Price Glen,Port Jenniferbury,Rhode Island,54086,22.940083,-20.1134765
Teresa Randolph,52,83044 Delgado Flats Apt. 096,Port Jonathan,New Mexico,54485,-145.276568,-2.406533
Stephen Hardin,67,3620 Smith Lane,West Lisa,South Carolina,25489,75.986023,-86.209898
Ronald Clark,65,831 David Drives Apt. 890,East Amanda,Hawaii,99481,-105.509447,55.162956
Phillip Taylor,44,50998 Delacruz Summit Suite 928,Brownfort,California,35044,34.816129,54.818325
Andrew Lawson,78,1045 Evans Spring,Port Tonyamouth,Iowa,67518,-101.788730,11.6069935
Jennifer Moore,40,939 Alison Summit,East Kelsey,Minnesota,80450,-168.117496,76.7601435
Jill Jackson,33,198 Mason Ports Apt. 650,Johnsonland,New Mexico,85590,-109.590899,72.9179575
Dillon Scott,45,42623 Jennifer Extensions,Dunlapburgh,Montana,72751,-111.262873,-29.5823105
Charles Ramirez III,37,877 Stephanie Station,Amandafurt,Nevada,39564,-19.027287,-29.965057
Tammy Thompson,62,853 Jeffrey Lodge,East Ericchester,New Mexico,54933,-178.535488,82.5573005
Kyle Brown,38,999 Jeffrey Shore Apt. 815,Terrenceshire,New Jersey,55301,126.993858,62.7343755
Lauren Jacobs,73,8774 Brown Islands,Moralesstad,North Dakota,70383,67.690309,-33.779750
Vickie Leon,43,43699 Elliott Port,Lake Jennifer,Connecticut,75401,-119.020780,-49.9905915
Tanya Bruce,50,9326 Jacob Pass,Kristenborough,Massachusetts,67994,131.335063,80.4415745
Thomas Porter,71,636 Debra Dale Suite 040,New Michael,Tennessee,58948,-99.383766,41.0062105
Sean Dickerson,66,75649 Foster Drives,Lake Amandaburgh,Mississippi,26728,-178.300325,14.5316145
Peter Davis,36,634 Anna Bypass,South Joshua,Alabama,61781,-99.164704,-0.040085
Stacey Salas,42,281 Sheryl Trail Suite 685,Port Thomasland,West Virginia,57261,-121.942198,19.631165
Rhonda Thomas,80,6282 Teresa Land,Port Kelseyton,Mississippi,00615,140.557337,54.639122
Jillian Middleton,25,34681 Daniel Crest,Sarahchester,South Carolina,90898,67.685108,-29.269705
Dustin Smith,65,7474 Jeffrey Plains,South Kurtmouth,Wisconsin,95168,53.891479,-61.416855
Jason Garza,65,1001 Harrison Viaduct Suite 324,Davidfurt,Nevada,60404,26.523613,43.365223
Roger Gordon,21,7779 Mario Inlet Apt. 256,North Alvin,Ohio,25841,51.788651,57.1431215
Mrs. Katherine Arnold,62,64209 Ramirez Ways,West Erictown,Kansas,08042,-50.940875,-41.6107895
Michael Mendez,53,34522 Kimberly Park Suite 130,Courtneyview,South Carolina,72792,-177.732281,-81.134274
Lydia Vasquez,29,044 Laura Route,South Andrea,Oregon,92857,-33.522558,-88.6480655
Courtney Fox,26,6541 Bond Drives Suite 733,Wesleyland,Nevada,41216,24.256240,-89.7555595
Nathan Garcia,62,036 Sandra Pass,Benjaminshire,New Mexico,10704,-74.836154,55.357278
Angela Rodriguez,61,9300 Kim Fields Apt. 213,Williamsport,Virginia,99625,-78.021555,7.372666
Justin Butler,75,55829 Cameron Extensions,Adrianberg,South Dakota,51514,94.211897,15.656883
Stephanie Zimmerman DDS,61,2481 James Forges Apt. 357,Port Elizabethchester,New York,60198,31.184068,-3.6157955
Grace Torres,21,8650 Jenkins Ways,Katelynton,Alabama,66389,163.896822,-35.562631
Julia Stewart,34,9126 Monroe Locks Suite 314,Parkerhaven,Massachusetts,02484,-174.389029,30.034716
Paul Duke,75,066 Andrew Springs,Michelleberg,Illinois,32345,107.749644,17.8605795
Suzanne Walters,68,460 Turner Curve Apt. 309,East James,Alaska,54468,128.630758,0.4258625
Aaron Arnold,75,9757 John Cliff Apt. 471,Michelleview,Wyoming,75518,109.682547,61.2528785
Julie Beasley,59,361 Amy Pike Apt. 717,South Jasonton,Michigan,65640,-11.128955,-69.5698115
Carl Powell,33,0181 Noah Plains Apt. 226,Christopherberg,Wyoming,73203,-61.662166,-57.201344
Shannon Gill,72,7780 Frazier Loaf,East Barbara,Michigan,46433,-134.113714,62.453092
Rebecca Kelley,63,7573 Angela Wells,New Jesse,Nevada,56221,112.133782,-45.4956085
Robert Ray,24,1870 Alexander Grove,Robertfort,Virginia,28871,76.003445,11.5710115
Jessica Olson,74,001 Justin Spurs,New Erica,Arizona,37025,164.434857,35.2301865
Don Harper,64,01346 Megan Fork,Cochranstad,Arizona,93667,65.577824,-28.742076
Natalie Garcia,18,80314 Howard Passage Apt. 432,Lake Meganburgh,New Mexico,59673,-103.664532,-76.596326
Molly Gonzalez,51,217 Kelsey Green Suite 637,Port Brandon,Louisiana,89559,-26.865747,45.131219
William Wilson,77,96948 Chase Street Apt. 669,Leblancland,Minnesota,33677,35.336272,-2.231163
Samuel Williams,30,349 Harper Summit Suite 949,Robertberg,Connecticut,07449,92.586492,-4.772236
Cheryl Nguyen,31,36782 Curtis Burg Apt. 177,Belltown,South Dakota,43587,80.936020,-76.475017
Carol Rodriguez,24,5457 Scott Divide Apt. 485,Lake Shaunborough,Arkansas,44389,-122.577666,-14.0899445
Angela Clark,40,38264 Wu Rapid Apt. 781,Knightmouth,New Mexico,57715,-46.436051,-43.925072
Michael Morgan,22,29406 Wheeler Port Apt. 771,Jacquelineburgh,Oklahoma,60730,23.811283,47.189812
Jonathan Simmons,63,65594 Dunn Locks Suite 680,Robertport,California,46701,-122.032116,61.219975
Ian Rodriguez,27,0893 Gilbert Divide Suite 497,Clintonland,Iowa,94242,-86.747805,73.907183
Christina Smith,68,304 Lisa Streets Suite 015,Port Chrisbury,Nevada,85392,-157.483757,56.4218025
Michelle Anderson,19,5751 Rebecca Stravenue Suite 461,Port Eric,Kentucky,20307,147.775043,-55.143705
Walter Ali MD,48,547 Nancy Ways Apt. 997,Andersonshire,Oregon,07043,-106.617122,-53.3491685
John Thomas,29,261 Powell Station Apt. 660,West Kimberlybury,Arkansas,54931,6.498685,-0.437633
Wesley Williams,24,6560 Andrea Grove Apt. 578,Stevensonbury,Illinois,35855,-3.005693,85.3292295
Jonathan Randall,33,011 Hailey Garden Apt. 931,Olsonfurt,Alabama,41488,-55.027648,-11.7536415
Rodney Nunez,23,2243 Stewart Creek Suite 201,West Ericaview,West Virginia,20653,-62.497242,30.5003375
Jessica Stewart,50,8783 Green Mills Suite 249,Rodriguezfurt,Michigan,95596,59.610551,58.7081785
Audrey Adams,38,76165 Wayne Field Apt. 436,Lake Teresaview,Colorado,38333,95.255036,-23.727559
Frederick Mccoy,49,283 Tammy Throughway,Jefferyfurt,Maryland,27129,-3.264023,-23.322099
Jasmine Manning,18,3910 Marks Lights Apt. 398,Amyland,Michigan,17267,60.442370,-50.946867
Kevin Mccoy,21,94951 Peters Circle,Normaport,Missouri,51675,-147.113414,73.0019995
Kyle Anderson,60,6466 Matthew Creek Apt. 802,South Stacey,Arizona,97226,-133.733554,35.313314
Dylan West,38,19024 Audrey Points,East Evelynview,Oregon,84946,-117.221226,61.8403165
Dr. Cheryl Bell MD,64,6643 Kyle Field,Lake Christopher,Iowa,93342,94.396998,64.994997
Steven Scott,39,4819 Johnson Shoals,New Eugeneborough,Arkansas,21675,-99.143874,-39.5282715
Carlos Hall,76,6447 Terri Ville Apt. 102,Williamview,Nevada,77425,-14.882664,-67.374499
William Green,60,2726 Alicia Plaza Apt. 657,Wintersborough,Alaska,61197,116.287686,-6.546917
Deanna Gray,40,89304 Lisa Key,Jenniferville,Alaska,40871,-32.863297,-36.5966845
Lynn Rogers,61,245 Tammy Path Apt. 997,Lisaburgh,Mississippi,39177,-118.717662,-44.303874
Sean Butler,23,1387 Simpson Trace Suite 275,Seanville,Kansas,79379,99.023235,-64.195599
Yvonne Strickland,50,3262 Greene Light Suite 389,South Jacob,Kentucky,29761,106.463599,-18.4185575
Steven Mitchell,80,6286 Mills Haven Suite 404,Tuckershire,Arizona,90331,153.471051,62.0958835
Jason Massey,71,915 Lindsay Terrace,Sullivanburgh,California,10576,-123.771562,8.3387865
Rose Simpson,71,07006 Veronica Passage,Port Sarahstad,Montana,95940,-148.214408,-70.805655
Jasmine Wilson,77,11038 Eric Springs,Port Karenside,Delaware,79710,-61.120550,-83.211334
Christopher Jones,74,39636 Richardson Junctions,East Brianfort,North Dakota,64431,-57.477086,-53.8706745
Dale Duncan,70,8793 Donald Mill,Lake Jennifermouth,Michigan,61921,-122.693641,-60.322004
Mary Myers,29,24973 Amanda Trafficway,Jensenstad,Tennessee,53876,143.941432,5.364855
Mark Miller,74,8971 Mcintosh Streets Suite 496,Paigeton,Kansas,77334,143.484773,-78.121200
Alan Myers,22,200 Fleming Brook Apt. 566,Kylemouth,Virginia,90666,6.926393,70.675346
Douglas Stewart,62,961 Sutton Common Suite 217,Woodview,Wisconsin,01219,-159.967297,-89.2966365
Lauren Horn,33,19610 Wagner Burg Suite 590,Leeberg,West Virginia,92930,65.177848,-47.247498
Dennis Bruce,21,85072 Christopher Hill,North Darrenport,Ohio,24075,-92.075657,-27.862069
Caleb White,42,328 Phillip Knolls Apt. 218,Port Kristina,Massachusetts,34718,43.818183,-48.019152
Michael Lee,63,99704 Kristen Lock,Lake Andrew,New York,82425,89.455183,-75.1887815
Laura Melton,68,3187 Roberts Mountain Suite 918,East Markfurt,Arkansas,93539,89.451889,-71.517305
Thomas James,61,7102 Emily Land,Frankshire,Utah,78195,132.935143,20.687702
David Russell,73,79192 Hogan Centers Suite 723,East Matthew,Nebraska,47285,-132.162812,24.883221
Kristin Brown,57,614 Tyler Crossing Suite 786,West Matthewtown,Florida,73990,-27.567895,59.5665535
Jacob Dawson,39,99486 Green Crest Apt. 555,Dunnchester,Virginia,75101,105.511358,-5.033256
Jason Gonzalez,71,989 Lisa Lake,West Curtischester,Kansas,37384,-150.463825,-82.753315
Diana Jones,77,483 Luna Springs,Lake Michaelview,North Dakota,34315,-20.226819,47.8507255
Amy Peters,59,73675 Smith Harbor Suite 046,East Tony,South Dakota,54726,-128.475491,10.5407435
James Smith,28,1459 Foster Estate Suite 289,Rachelbury,Virginia,70347,129.753357,-47.433313
Anne Chase,60,05189 Taylor Circles,Edwardtown,Alabama,09645,-7.219820,-30.949381
Louis Smith,39,45831 Christine Loaf Apt. 218,South Hannahtown,Rhode Island,00637,-71.275064,83.762282
Deborah Rodriguez,37,4650 Lacey Haven,South William,Tennessee,88270,-113.006097,40.0984875
Carrie Garcia,51,70662 Barbara Gardens Apt. 716,Karlberg,Louisiana,84886,-128.672906,-44.803624
Nancy Flores,70,7778 Erin Turnpike Suite 725,Traceymouth,Massachusetts,45607,122.352227,-22.550205
Jesse Pham,31,22548 Matthews Plains,Starkside,Arizona,11911,-148.724749,51.0380255
Jessica Harrell,79,715 Thomas Fort,Terrancestad,Wisconsin,99673,130.541393,-20.624534
Kimberly Wright,43,745 Andrade Freeway,Rileyside,Arizona,93829,92.853489,81.3126215
Ashley Henderson,63,7848 Richard Skyway Suite 714,Meltonside,Virginia,61880,33.105028,6.833952
Andrea Graham,56,453 James Heights Suite 908,Sarafort,Washington,17637,-3.314059,-7.3892775
Daniel Horn,32,63753 Laura Knolls Apt. 414,Gonzalezfurt,Delaware,65783,-74.306261,70.8545715
Jackson Simon,41,7560 Deborah Ports Suite 204,Jennifermouth,New Hampshire,75813,152.871419,-80.448784
Beth Hernandez,78,12599 Ryan Camp,North Amychester,Iowa,23510,18.099077,-77.4039975
Teresa Garcia,76,41206 Katelyn Mission,New Donald,California,69328,-148.168853,86.9971985
Jennifer Powell,79,25436 Willie Lakes,Parsonsfort,Arkansas,74594,-63.292689,36.6694175
Brian Maldonado,59,025 Courtney Skyway,New Lynnville,Kansas,46669,-171.717034,78.9625715
Shawn Clark,25,570 Scott Square,West Sarah,Kansas,39060,-68.457960,38.3630145
Thomas Li,56,72120 Anthony Avenue Apt. 939,Danielleton,Missouri,18439,-125.815282,-55.635240
Lawrence Alvarado,73,741 Jay Lodge Apt. 437,New Rhondaland,Louisiana,67975,-168.409210,-76.806871
Brittney Scott,47,2985 Benjamin Divide Suite 854,Knightfurt,Michigan,63168,22.962543,59.9944095
Melissa Lewis,75,832 Sharon Circles Suite 873,West Lauraside,Pennsylvania,68684,-63.051938,-3.791145
Bryan Rodriguez,40,871 Spencer Unions,North Amymouth,South Dakota,62518,129.946109,-88.588037
Holly Galvan,43,3793 Barnes Dale Apt. 885,Christopherborough,Georgia,04878,-35.505834,61.5853165
James Ross,52,8355 Moore Inlet Apt. 199,Staceyland,Colorado,56574,-175.844839,-71.946788
Charles Schaefer,25,74847 Brown Motorway Suite 101,New Dawn,Florida,72366,43.649671,-35.002954
Melissa Gallegos,32,4215 Wallace Ramp Apt. 211,Lake Bradleyborough,Maryland,47797,-56.273198,53.0411015
Mark Booth,49,781 Darryl Glens,Sarahside,Louisiana,71304,-99.821288,-42.3171285
Richard Jefferson,21,38038 Luis Prairie,South Austin,Arizona,65220,102.210352,-84.150383
Tina Padilla,46,9299 Nathan Mission,North Daveshire,Missouri,15952,153.980331,49.9001975
Christina Powell,20,195 Holmes Villages,East Richardville,Oklahoma,01790,-113.396030,72.5544815
Laura Sanchez,73,225 Carroll Summit,New Ashleyburgh,Wyoming,75295,-76.581245,41.726457
Adam Holt,43,97638 Andrew Knolls Apt. 110,Jenniferborough,Idaho,07212,76.145534,31.190997
Devin Hines,49,798 Murphy Harbors Suite 972,North Amyfurt,South Carolina,70059,62.433457,66.8315445
Brenda Blankenship,25,57707 Reeves Village,West Tyler,Maryland,69445,133.574025,-51.9124435
Katrina Alexander,40,221 Brent Run,Gordonhaven,New York,61926,-126.815332,89.5995445
Penny Collier,26,821 Nelson Light Suite 022,Lake Ericshire,Alaska,78976,125.368458,40.4664095
Gerald Patton,59,8714 Samantha Haven Suite 010,Lake Jay,Wisconsin,18407,-12.836291,67.494953
Patricia Morales,43,985 Berry Plaza Apt. 527,Lake Patrick,Oregon,65254,46.288588,59.8899165
Matthew Miller,20,1620 Bowman Island Suite 953,Lake Patricia,Minnesota,14456,122.440799,32.614473
Mark Harris,63,538 Robin Fort,Evanston,Minnesota,56221,21.793471,-4.4909185
Kendra Fernandez,67,153 Olson Ports,Garciaton,Vermont,10843,-18.623019,74.914524
Crystal Henry,40,82328 Douglas Gardens,Donovanshire,Indiana,85724,-176.710001,45.0644945
Charles Young,50,7894 Tammy Underpass Apt. 275,Port Matthewshire,Louisiana,30243,171.246214,4.709725
Allison Brooks,48,48035 Brock Prairie,Lake Brittanystad,Missouri,75221,-110.250847,-2.2674755
Johnny Rios,27,5849 David Gateway Suite 809,Susanborough,Wisconsin,02973,-41.974172,-18.2835905
Melissa Williams,34,2793 Johnson Roads,Matthewfort,New Jersey,78166,-134.375849,22.6610925
Roger Meadows,35,404 Stephen Cape,North Zachary,New Hampshire,53054,18.470115,50.625378
Robin Barker,79,90217 Ellison Club Apt. 723,Sarahchester,Kansas,35163,-2.136184,-14.1120945
Devin Cooke,30,7948 Taylor Mount,South Kevinhaven,Virginia,50633,-136.028466,88.952601
Jeffrey Shea,55,418 Matthew Trace Suite 930,Castanedaville,Illinois,75582,-9.895870,23.689797
Christopher Ross,38,302 Smith Trace Suite 223,Owenside,Washington,04505,-116.088532,42.7876975
Kimberly Martinez,41,72326 Leah Haven,Port Kimberlyside,Idaho,03396,-153.500443,33.020367
Thomas Mcclure,18,77284 Terry Ferry Apt. 530,Sandersmouth,North Dakota,59874,-86.894857,-2.7212625
Joshua Snyder,80,9866 Colleen Mall,Lake Jill,Minnesota,72844,-70.681921,-56.7618015
Kayla Case,50,4054 Briana Gateway,North Deborah,Illinois,58742,90.744119,29.4907385
Jeffrey Sanchez,18,8068 Reeves Run,Kramermouth,California,53864,18.948552,-7.7787985
Joshua Powell,66,700 Gary Crossroad,Lake Steven,Texas,58867,-166.890693,29.938073
Henry Dunn,32,362 Morales Island Apt. 950,Whiteborough,Washington,10533,169.211397,75.9055345
Alicia Carter,65,52986 Collins Ways,Port Stacey,Nevada,75058,134.856186,73.057351
Kristin Mccarty,72,9064 David Roads Apt. 196,Lake Jasonbury,Virginia,87610,-117.649328,13.7974805
Jacob Wright,52,7796 Billy Road,East Kurt,South Dakota,75034,-146.223218,12.2022535
Angela Chung,48,33603 Williams Extensions Apt. 468,Millerport,Rhode Island,59737,69.185302,40.1757045
Sandy Perez,23,1881 Phillips Field,Johnshire,North Dakota,20768,4.784256,67.3923225
Bob Woodward,58,7483 Ramirez Extension Apt. 475,Nolanburgh,Washington,40131,32.267788,-72.8038685
Jared Johnson,55,109 Campbell Mall,West Adam,Maine,29773,-20.787360,84.911492
Keith Hahn,80,259 Yvette Loop Suite 735,Lake Michael,Maine,69216,-129.370315,-14.0079445
Cynthia Smith,38,162 Rhodes Fort Suite 729,New Joseland,Oregon,17817,-40.162228,-56.3265365
William Roberts,22,06564 Mcdonald Summit,Thomasberg,Vermont,77813,126.854513,-29.4357345
Heather Torres,73,63938 Christina Unions Apt. 025,Patriciaberg,Vermont,93554,126.941546,-14.737646
Carmen Valdez,29,36280 Sanchez Parkways,Coxshire,New Jersey,34874,100.575125,23.5255815
Luis Morgan,18,738 Miller Square,Port Derek,Minnesota,51927,21.103092,-20.3394855
Laura Turner,75,50279 Stephanie Mountains,South Vanessaberg,Maine,49554,-178.308123,-48.7443385
Michael Mayer,68,412 Jennifer Pine,Robertfurt,Connecticut,95729,-58.210710,-84.5865115
Aaron Perez,23,066 David Centers,Hunterfurt,Alaska,30861,55.088128,-37.5599295
Tina Foster,79,9481 Stephanie Route Apt. 889,New Alyssa,Florida,30088,127.509221,-50.3432135
Jennifer Fisher,49,52874 Mark Path Suite 901,Lynnville,Kansas,25862,83.683046,-19.9980685
Brooke Wong,65,6765 James Spring,Coxfurt,Washington,20455,-101.445232,-44.348011
Penny Martinez,22,304 David Lock,Carriechester,Oregon,87385,-91.555334,-45.471619
Jared Sutton,33,8953 Jacob Loop Suite 462,Davisburgh,Wisconsin,81240,117.384754,84.7053105
Marissa Schultz,80,3240 Brown Orchard,Haileyshire,Wisconsin,16292,-139.807876,-68.3969405
